"","Date","Country","Index Type","Seasonally adjusted percentage","Non-seasonally adjusted percentage"
"1",2020-02-01,"United States","Indeed Job Postings Index, Feb 01 2020 = 100",100,100
"2",2020-02-02,"United States","Indeed Job Postings Index, Feb 01 2020 = 100",100,100.1
"3",2020-02-03,"United States","Indeed Job Postings Index, Feb 01 2020 = 100",100,100.1
"4",2020-02-04,"United States","Indeed Job Postings Index, Feb 01 2020 = 100",100,100.2
"5",2020-02-05,"United States","Indeed Job Postings Index, Feb 01 2020 = 100",100.1,100.3
"6",2020-02-06,"United States","Indeed Job Postings Index, Feb 01 2020 = 100",100.2,100.4
"7",2020-02-07,"United States","Indeed Job Postings Index, Feb 01 2020 = 100",100.2,100.4
"8",2020-02-08,"United States","Indeed Job Postings Index, Feb 01 2020 = 100",100.2,100.5
"9",2020-02-09,"United States","Indeed Job Postings Index, Feb 01 2020 = 100",100.2,100.6
"10",2020-02-10,"United States","Indeed Job Postings Index, Feb 01 2020 = 100",100.3,100.8
"11",2020-02-11,"United States","Indeed Job Postings Index, Feb 01 2020 = 100",100.2,100.9
"12",2020-02-12,"United States","Indeed Job Postings Index, Feb 01 2020 = 100",100.2,100.9
"13",2020-02-13,"United States","Indeed Job Postings Index, Feb 01 2020 = 100",100.1,101
"14",2020-02-14,"United States","Indeed Job Postings Index, Feb 01 2020 = 100",100.1,101.1
"15",2020-02-15,"United States","Indeed Job Postings Index, Feb 01 2020 = 100",99.8,100.9
"16",2020-02-16,"United States","Indeed Job Postings Index, Feb 01 2020 = 100",99.6,100.8
"17",2020-02-17,"United States","Indeed Job Postings Index, Feb 01 2020 = 100",99.4,100.6
"18",2020-02-18,"United States","Indeed Job Postings Index, Feb 01 2020 = 100",99.2,100.6
"19",2020-02-19,"United States","Indeed Job Postings Index, Feb 01 2020 = 100",99,100.5
"20",2020-02-20,"United States","Indeed Job Postings Index, Feb 01 2020 = 100",98.7,100.4
"21",2020-02-21,"United States","Indeed Job Postings Index, Feb 01 2020 = 100",98.5,100.3
"22",2020-02-22,"United States","Indeed Job Postings Index, Feb 01 2020 = 100",98.5,100.4
"23",2020-02-23,"United States","Indeed Job Postings Index, Feb 01 2020 = 100",98.4,100.5
"24",2020-02-24,"United States","Indeed Job Postings Index, Feb 01 2020 = 100",98.3,100.6
"25",2020-02-25,"United States","Indeed Job Postings Index, Feb 01 2020 = 100",98.3,100.8
"26",2020-02-26,"United States","Indeed Job Postings Index, Feb 01 2020 = 100",98.3,100.9
"27",2020-02-27,"United States","Indeed Job Postings Index, Feb 01 2020 = 100",98.4,101.1
"28",2020-02-28,"United States","Indeed Job Postings Index, Feb 01 2020 = 100",98.4,101.3
"29",2020-02-29,"United States","Indeed Job Postings Index, Feb 01 2020 = 100",98.5,101.5
"30",2020-03-01,"United States","Indeed Job Postings Index, Feb 01 2020 = 100",98.6,101.7
"31",2020-03-02,"United States","Indeed Job Postings Index, Feb 01 2020 = 100",98.6,101.8
"32",2020-03-03,"United States","Indeed Job Postings Index, Feb 01 2020 = 100",98.5,101.9
"33",2020-03-04,"United States","Indeed Job Postings Index, Feb 01 2020 = 100",98.4,101.8
"34",2020-03-05,"United States","Indeed Job Postings Index, Feb 01 2020 = 100",98.3,101.8
"35",2020-03-06,"United States","Indeed Job Postings Index, Feb 01 2020 = 100",98.2,101.8
"36",2020-03-07,"United States","Indeed Job Postings Index, Feb 01 2020 = 100",98.1,101.7
"37",2020-03-08,"United States","Indeed Job Postings Index, Feb 01 2020 = 100",97.9,101.7
"38",2020-03-09,"United States","Indeed Job Postings Index, Feb 01 2020 = 100",97.8,101.6
"39",2020-03-10,"United States","Indeed Job Postings Index, Feb 01 2020 = 100",97.7,101.7
"40",2020-03-11,"United States","Indeed Job Postings Index, Feb 01 2020 = 100",97.6,101.7
"41",2020-03-12,"United States","Indeed Job Postings Index, Feb 01 2020 = 100",97.5,101.6
"42",2020-03-13,"United States","Indeed Job Postings Index, Feb 01 2020 = 100",97.3,101.5
"43",2020-03-14,"United States","Indeed Job Postings Index, Feb 01 2020 = 100",97.1,101.3
"44",2020-03-15,"United States","Indeed Job Postings Index, Feb 01 2020 = 100",96.8,101.1
"45",2020-03-16,"United States","Indeed Job Postings Index, Feb 01 2020 = 100",96.6,100.9
"46",2020-03-17,"United States","Indeed Job Postings Index, Feb 01 2020 = 100",96,100.4
"47",2020-03-18,"United States","Indeed Job Postings Index, Feb 01 2020 = 100",95.3,99.8
"48",2020-03-19,"United States","Indeed Job Postings Index, Feb 01 2020 = 100",94.5,99
"49",2020-03-20,"United States","Indeed Job Postings Index, Feb 01 2020 = 100",93.5,98
"50",2020-03-21,"United States","Indeed Job Postings Index, Feb 01 2020 = 100",92.1,96.6
"51",2020-03-22,"United States","Indeed Job Postings Index, Feb 01 2020 = 100",90.8,95.4
"52",2020-03-23,"United States","Indeed Job Postings Index, Feb 01 2020 = 100",89.4,94.1
"53",2020-03-24,"United States","Indeed Job Postings Index, Feb 01 2020 = 100",88.2,92.9
"54",2020-03-25,"United States","Indeed Job Postings Index, Feb 01 2020 = 100",86.8,91.6
"55",2020-03-26,"United States","Indeed Job Postings Index, Feb 01 2020 = 100",85.5,90.3
"56",2020-03-27,"United States","Indeed Job Postings Index, Feb 01 2020 = 100",84,88.9
"57",2020-03-28,"United States","Indeed Job Postings Index, Feb 01 2020 = 100",82.8,87.7
"58",2020-03-29,"United States","Indeed Job Postings Index, Feb 01 2020 = 100",81.5,86.4
"59",2020-03-30,"United States","Indeed Job Postings Index, Feb 01 2020 = 100",80.3,85.1
"60",2020-03-31,"United States","Indeed Job Postings Index, Feb 01 2020 = 100",79,83.9
"61",2020-04-01,"United States","Indeed Job Postings Index, Feb 01 2020 = 100",77.8,82.5
"62",2020-04-02,"United States","Indeed Job Postings Index, Feb 01 2020 = 100",76.6,81.2
"63",2020-04-03,"United States","Indeed Job Postings Index, Feb 01 2020 = 100",75.7,80.3
"64",2020-04-04,"United States","Indeed Job Postings Index, Feb 01 2020 = 100",74.5,79
"65",2020-04-05,"United States","Indeed Job Postings Index, Feb 01 2020 = 100",73.3,77.7
"66",2020-04-06,"United States","Indeed Job Postings Index, Feb 01 2020 = 100",72.2,76.6
"67",2020-04-07,"United States","Indeed Job Postings Index, Feb 01 2020 = 100",71.1,75.5
"68",2020-04-08,"United States","Indeed Job Postings Index, Feb 01 2020 = 100",70.3,74.7
"69",2020-04-09,"United States","Indeed Job Postings Index, Feb 01 2020 = 100",69.4,73.9
"70",2020-04-10,"United States","Indeed Job Postings Index, Feb 01 2020 = 100",68.5,73.1
"71",2020-04-11,"United States","Indeed Job Postings Index, Feb 01 2020 = 100",68,72.5
"72",2020-04-12,"United States","Indeed Job Postings Index, Feb 01 2020 = 100",67.4,72
"73",2020-04-13,"United States","Indeed Job Postings Index, Feb 01 2020 = 100",66.8,71.5
"74",2020-04-14,"United States","Indeed Job Postings Index, Feb 01 2020 = 100",66.3,71
"75",2020-04-15,"United States","Indeed Job Postings Index, Feb 01 2020 = 100",65.7,70.4
"76",2020-04-16,"United States","Indeed Job Postings Index, Feb 01 2020 = 100",65.2,69.9
"77",2020-04-17,"United States","Indeed Job Postings Index, Feb 01 2020 = 100",64.8,69.4
"78",2020-04-18,"United States","Indeed Job Postings Index, Feb 01 2020 = 100",64.4,69
"79",2020-04-19,"United States","Indeed Job Postings Index, Feb 01 2020 = 100",64.1,68.6
"80",2020-04-20,"United States","Indeed Job Postings Index, Feb 01 2020 = 100",63.8,68.2
"81",2020-04-21,"United States","Indeed Job Postings Index, Feb 01 2020 = 100",63.5,67.9
"82",2020-04-22,"United States","Indeed Job Postings Index, Feb 01 2020 = 100",63.3,67.6
"83",2020-04-23,"United States","Indeed Job Postings Index, Feb 01 2020 = 100",63,67.4
"84",2020-04-24,"United States","Indeed Job Postings Index, Feb 01 2020 = 100",62.8,67.2
"85",2020-04-25,"United States","Indeed Job Postings Index, Feb 01 2020 = 100",62.6,67
"86",2020-04-26,"United States","Indeed Job Postings Index, Feb 01 2020 = 100",62.5,66.8
"87",2020-04-27,"United States","Indeed Job Postings Index, Feb 01 2020 = 100",62.2,66.6
"88",2020-04-28,"United States","Indeed Job Postings Index, Feb 01 2020 = 100",62,66.4
"89",2020-04-29,"United States","Indeed Job Postings Index, Feb 01 2020 = 100",61.8,66.3
"90",2020-04-30,"United States","Indeed Job Postings Index, Feb 01 2020 = 100",61.7,66.2
"91",2020-05-01,"United States","Indeed Job Postings Index, Feb 01 2020 = 100",61.6,66.1
"92",2020-05-02,"United States","Indeed Job Postings Index, Feb 01 2020 = 100",61.4,66
"93",2020-05-03,"United States","Indeed Job Postings Index, Feb 01 2020 = 100",61.3,65.8
"94",2020-05-04,"United States","Indeed Job Postings Index, Feb 01 2020 = 100",61.1,65.7
"95",2020-05-05,"United States","Indeed Job Postings Index, Feb 01 2020 = 100",61,65.6
"96",2020-05-06,"United States","Indeed Job Postings Index, Feb 01 2020 = 100",61,65.6
"97",2020-05-07,"United States","Indeed Job Postings Index, Feb 01 2020 = 100",61,65.5
"98",2020-05-08,"United States","Indeed Job Postings Index, Feb 01 2020 = 100",61.1,65.6
"99",2020-05-09,"United States","Indeed Job Postings Index, Feb 01 2020 = 100",61.3,65.8
"100",2020-05-10,"United States","Indeed Job Postings Index, Feb 01 2020 = 100",61.5,66.1
"101",2020-05-11,"United States","Indeed Job Postings Index, Feb 01 2020 = 100",61.6,66.2
"102",2020-05-12,"United States","Indeed Job Postings Index, Feb 01 2020 = 100",61.7,66.4
"103",2020-05-13,"United States","Indeed Job Postings Index, Feb 01 2020 = 100",61.5,66.2
"104",2020-05-14,"United States","Indeed Job Postings Index, Feb 01 2020 = 100",61.6,66.3
"105",2020-05-15,"United States","Indeed Job Postings Index, Feb 01 2020 = 100",61.8,66.5
"106",2020-05-16,"United States","Indeed Job Postings Index, Feb 01 2020 = 100",61.8,66.5
"107",2020-05-17,"United States","Indeed Job Postings Index, Feb 01 2020 = 100",61.8,66.6
"108",2020-05-18,"United States","Indeed Job Postings Index, Feb 01 2020 = 100",61.9,66.7
"109",2020-05-19,"United States","Indeed Job Postings Index, Feb 01 2020 = 100",62,66.8
"110",2020-05-20,"United States","Indeed Job Postings Index, Feb 01 2020 = 100",62.4,67.3
"111",2020-05-21,"United States","Indeed Job Postings Index, Feb 01 2020 = 100",62.7,67.6
"112",2020-05-22,"United States","Indeed Job Postings Index, Feb 01 2020 = 100",62.8,67.7
"113",2020-05-23,"United States","Indeed Job Postings Index, Feb 01 2020 = 100",63.1,67.9
"114",2020-05-24,"United States","Indeed Job Postings Index, Feb 01 2020 = 100",63.2,68.1
"115",2020-05-25,"United States","Indeed Job Postings Index, Feb 01 2020 = 100",63.4,68.3
"116",2020-05-26,"United States","Indeed Job Postings Index, Feb 01 2020 = 100",63.5,68.4
"117",2020-05-27,"United States","Indeed Job Postings Index, Feb 01 2020 = 100",63.6,68.5
"118",2020-05-28,"United States","Indeed Job Postings Index, Feb 01 2020 = 100",63.6,68.5
"119",2020-05-29,"United States","Indeed Job Postings Index, Feb 01 2020 = 100",63.8,68.7
"120",2020-05-30,"United States","Indeed Job Postings Index, Feb 01 2020 = 100",64.1,68.9
"121",2020-05-31,"United States","Indeed Job Postings Index, Feb 01 2020 = 100",64.4,69.1
"122",2020-06-01,"United States","Indeed Job Postings Index, Feb 01 2020 = 100",64.6,69.2
"123",2020-06-02,"United States","Indeed Job Postings Index, Feb 01 2020 = 100",64.9,69.4
"124",2020-06-03,"United States","Indeed Job Postings Index, Feb 01 2020 = 100",65.2,69.7
"125",2020-06-04,"United States","Indeed Job Postings Index, Feb 01 2020 = 100",65.6,70
"126",2020-06-05,"United States","Indeed Job Postings Index, Feb 01 2020 = 100",65.9,70.2
"127",2020-06-06,"United States","Indeed Job Postings Index, Feb 01 2020 = 100",66.1,70.4
"128",2020-06-07,"United States","Indeed Job Postings Index, Feb 01 2020 = 100",66.3,70.6
"129",2020-06-08,"United States","Indeed Job Postings Index, Feb 01 2020 = 100",66.6,70.9
"130",2020-06-09,"United States","Indeed Job Postings Index, Feb 01 2020 = 100",66.8,71.2
"131",2020-06-10,"United States","Indeed Job Postings Index, Feb 01 2020 = 100",67.1,71.5
"132",2020-06-11,"United States","Indeed Job Postings Index, Feb 01 2020 = 100",67.3,71.8
"133",2020-06-12,"United States","Indeed Job Postings Index, Feb 01 2020 = 100",67.5,72.1
"134",2020-06-13,"United States","Indeed Job Postings Index, Feb 01 2020 = 100",67.8,72.4
"135",2020-06-14,"United States","Indeed Job Postings Index, Feb 01 2020 = 100",68.1,72.8
"136",2020-06-15,"United States","Indeed Job Postings Index, Feb 01 2020 = 100",68.5,73.2
"137",2020-06-16,"United States","Indeed Job Postings Index, Feb 01 2020 = 100",68.9,73.6
"138",2020-06-17,"United States","Indeed Job Postings Index, Feb 01 2020 = 100",69.2,74
"139",2020-06-18,"United States","Indeed Job Postings Index, Feb 01 2020 = 100",69.6,74.3
"140",2020-06-19,"United States","Indeed Job Postings Index, Feb 01 2020 = 100",70,74.8
"141",2020-06-20,"United States","Indeed Job Postings Index, Feb 01 2020 = 100",70.5,75.3
"142",2020-06-21,"United States","Indeed Job Postings Index, Feb 01 2020 = 100",71,75.7
"143",2020-06-22,"United States","Indeed Job Postings Index, Feb 01 2020 = 100",71.5,76.2
"144",2020-06-23,"United States","Indeed Job Postings Index, Feb 01 2020 = 100",71.7,76.4
"145",2020-06-24,"United States","Indeed Job Postings Index, Feb 01 2020 = 100",71.9,76.6
"146",2020-06-25,"United States","Indeed Job Postings Index, Feb 01 2020 = 100",72.2,76.8
"147",2020-06-26,"United States","Indeed Job Postings Index, Feb 01 2020 = 100",72.3,76.9
"148",2020-06-27,"United States","Indeed Job Postings Index, Feb 01 2020 = 100",72.4,76.9
"149",2020-06-28,"United States","Indeed Job Postings Index, Feb 01 2020 = 100",72.4,76.9
"150",2020-06-29,"United States","Indeed Job Postings Index, Feb 01 2020 = 100",72.5,76.9
"151",2020-06-30,"United States","Indeed Job Postings Index, Feb 01 2020 = 100",72.8,77.1
"152",2020-07-01,"United States","Indeed Job Postings Index, Feb 01 2020 = 100",73.1,77.4
"153",2020-07-02,"United States","Indeed Job Postings Index, Feb 01 2020 = 100",73.3,77.5
"154",2020-07-03,"United States","Indeed Job Postings Index, Feb 01 2020 = 100",73.6,77.6
"155",2020-07-04,"United States","Indeed Job Postings Index, Feb 01 2020 = 100",73.9,77.8
"156",2020-07-05,"United States","Indeed Job Postings Index, Feb 01 2020 = 100",74.1,77.9
"157",2020-07-06,"United States","Indeed Job Postings Index, Feb 01 2020 = 100",74.4,78
"158",2020-07-07,"United States","Indeed Job Postings Index, Feb 01 2020 = 100",74.6,78
"159",2020-07-08,"United States","Indeed Job Postings Index, Feb 01 2020 = 100",74.9,78.2
"160",2020-07-09,"United States","Indeed Job Postings Index, Feb 01 2020 = 100",75.3,78.5
"161",2020-07-10,"United States","Indeed Job Postings Index, Feb 01 2020 = 100",75.6,78.8
"162",2020-07-11,"United States","Indeed Job Postings Index, Feb 01 2020 = 100",76,79.2
"163",2020-07-12,"United States","Indeed Job Postings Index, Feb 01 2020 = 100",76.4,79.6
"164",2020-07-13,"United States","Indeed Job Postings Index, Feb 01 2020 = 100",76.8,80
"165",2020-07-14,"United States","Indeed Job Postings Index, Feb 01 2020 = 100",77.2,80.5
"166",2020-07-15,"United States","Indeed Job Postings Index, Feb 01 2020 = 100",77.5,80.8
"167",2020-07-16,"United States","Indeed Job Postings Index, Feb 01 2020 = 100",77.7,81
"168",2020-07-17,"United States","Indeed Job Postings Index, Feb 01 2020 = 100",77.9,81.2
"169",2020-07-18,"United States","Indeed Job Postings Index, Feb 01 2020 = 100",77.9,81.2
"170",2020-07-19,"United States","Indeed Job Postings Index, Feb 01 2020 = 100",78.1,81.4
"171",2020-07-20,"United States","Indeed Job Postings Index, Feb 01 2020 = 100",78.2,81.7
"172",2020-07-21,"United States","Indeed Job Postings Index, Feb 01 2020 = 100",78.4,81.8
"173",2020-07-22,"United States","Indeed Job Postings Index, Feb 01 2020 = 100",78.6,82.1
"174",2020-07-23,"United States","Indeed Job Postings Index, Feb 01 2020 = 100",78.9,82.5
"175",2020-07-24,"United States","Indeed Job Postings Index, Feb 01 2020 = 100",79.3,82.9
"176",2020-07-25,"United States","Indeed Job Postings Index, Feb 01 2020 = 100",79.8,83.5
"177",2020-07-26,"United States","Indeed Job Postings Index, Feb 01 2020 = 100",80.1,83.9
"178",2020-07-27,"United States","Indeed Job Postings Index, Feb 01 2020 = 100",80.5,84.3
"179",2020-07-28,"United States","Indeed Job Postings Index, Feb 01 2020 = 100",80.8,84.7
"180",2020-07-29,"United States","Indeed Job Postings Index, Feb 01 2020 = 100",81.2,85.1
"181",2020-07-30,"United States","Indeed Job Postings Index, Feb 01 2020 = 100",81.5,85.4
"182",2020-07-31,"United States","Indeed Job Postings Index, Feb 01 2020 = 100",81.6,85.6
"183",2020-08-01,"United States","Indeed Job Postings Index, Feb 01 2020 = 100",81.7,85.7
"184",2020-08-02,"United States","Indeed Job Postings Index, Feb 01 2020 = 100",81.8,85.9
"185",2020-08-03,"United States","Indeed Job Postings Index, Feb 01 2020 = 100",82,86
"186",2020-08-04,"United States","Indeed Job Postings Index, Feb 01 2020 = 100",82,86.1
"187",2020-08-05,"United States","Indeed Job Postings Index, Feb 01 2020 = 100",82.1,86.2
"188",2020-08-06,"United States","Indeed Job Postings Index, Feb 01 2020 = 100",82.1,86.3
"189",2020-08-07,"United States","Indeed Job Postings Index, Feb 01 2020 = 100",82.1,86.3
"190",2020-08-08,"United States","Indeed Job Postings Index, Feb 01 2020 = 100",82.1,86.4
"191",2020-08-09,"United States","Indeed Job Postings Index, Feb 01 2020 = 100",82.1,86.5
"192",2020-08-10,"United States","Indeed Job Postings Index, Feb 01 2020 = 100",82,86.5
"193",2020-08-11,"United States","Indeed Job Postings Index, Feb 01 2020 = 100",82.1,86.7
"194",2020-08-12,"United States","Indeed Job Postings Index, Feb 01 2020 = 100",82,86.6
"195",2020-08-13,"United States","Indeed Job Postings Index, Feb 01 2020 = 100",81.9,86.7
"196",2020-08-14,"United States","Indeed Job Postings Index, Feb 01 2020 = 100",81.9,86.7
"197",2020-08-15,"United States","Indeed Job Postings Index, Feb 01 2020 = 100",81.8,86.7
"198",2020-08-16,"United States","Indeed Job Postings Index, Feb 01 2020 = 100",81.9,86.8
"199",2020-08-17,"United States","Indeed Job Postings Index, Feb 01 2020 = 100",81.9,86.9
"200",2020-08-18,"United States","Indeed Job Postings Index, Feb 01 2020 = 100",81.9,86.9
"201",2020-08-19,"United States","Indeed Job Postings Index, Feb 01 2020 = 100",82,87.1
"202",2020-08-20,"United States","Indeed Job Postings Index, Feb 01 2020 = 100",82.2,87.4
"203",2020-08-21,"United States","Indeed Job Postings Index, Feb 01 2020 = 100",82.3,87.5
"204",2020-08-22,"United States","Indeed Job Postings Index, Feb 01 2020 = 100",82.6,87.8
"205",2020-08-23,"United States","Indeed Job Postings Index, Feb 01 2020 = 100",82.6,87.9
"206",2020-08-24,"United States","Indeed Job Postings Index, Feb 01 2020 = 100",82.8,88.1
"207",2020-08-25,"United States","Indeed Job Postings Index, Feb 01 2020 = 100",82.9,88.3
"208",2020-08-26,"United States","Indeed Job Postings Index, Feb 01 2020 = 100",83.1,88.5
"209",2020-08-27,"United States","Indeed Job Postings Index, Feb 01 2020 = 100",83.2,88.5
"210",2020-08-28,"United States","Indeed Job Postings Index, Feb 01 2020 = 100",83.4,88.6
"211",2020-08-29,"United States","Indeed Job Postings Index, Feb 01 2020 = 100",83.6,88.8
"212",2020-08-30,"United States","Indeed Job Postings Index, Feb 01 2020 = 100",83.8,89
"213",2020-08-31,"United States","Indeed Job Postings Index, Feb 01 2020 = 100",84,89.1
"214",2020-09-01,"United States","Indeed Job Postings Index, Feb 01 2020 = 100",84.1,89.1
"215",2020-09-02,"United States","Indeed Job Postings Index, Feb 01 2020 = 100",84.2,89.2
"216",2020-09-03,"United States","Indeed Job Postings Index, Feb 01 2020 = 100",84.3,89.3
"217",2020-09-04,"United States","Indeed Job Postings Index, Feb 01 2020 = 100",84.5,89.3
"218",2020-09-05,"United States","Indeed Job Postings Index, Feb 01 2020 = 100",84.5,89.3
"219",2020-09-06,"United States","Indeed Job Postings Index, Feb 01 2020 = 100",84.6,89.3
"220",2020-09-07,"United States","Indeed Job Postings Index, Feb 01 2020 = 100",84.7,89.3
"221",2020-09-08,"United States","Indeed Job Postings Index, Feb 01 2020 = 100",84.8,89.3
"222",2020-09-09,"United States","Indeed Job Postings Index, Feb 01 2020 = 100",84.9,89.4
"223",2020-09-10,"United States","Indeed Job Postings Index, Feb 01 2020 = 100",85.1,89.5
"224",2020-09-11,"United States","Indeed Job Postings Index, Feb 01 2020 = 100",85.3,89.7
"225",2020-09-12,"United States","Indeed Job Postings Index, Feb 01 2020 = 100",85.5,89.9
"226",2020-09-13,"United States","Indeed Job Postings Index, Feb 01 2020 = 100",85.6,90
"227",2020-09-14,"United States","Indeed Job Postings Index, Feb 01 2020 = 100",85.7,90.2
"228",2020-09-15,"United States","Indeed Job Postings Index, Feb 01 2020 = 100",86,90.4
"229",2020-09-16,"United States","Indeed Job Postings Index, Feb 01 2020 = 100",86.2,90.7
"230",2020-09-17,"United States","Indeed Job Postings Index, Feb 01 2020 = 100",86.4,90.9
"231",2020-09-18,"United States","Indeed Job Postings Index, Feb 01 2020 = 100",86.6,91.1
"232",2020-09-19,"United States","Indeed Job Postings Index, Feb 01 2020 = 100",86.7,91.3
"233",2020-09-20,"United States","Indeed Job Postings Index, Feb 01 2020 = 100",87,91.6
"234",2020-09-21,"United States","Indeed Job Postings Index, Feb 01 2020 = 100",87.1,91.8
"235",2020-09-22,"United States","Indeed Job Postings Index, Feb 01 2020 = 100",87.3,92
"236",2020-09-23,"United States","Indeed Job Postings Index, Feb 01 2020 = 100",87.5,92.3
"237",2020-09-24,"United States","Indeed Job Postings Index, Feb 01 2020 = 100",87.6,92.5
"238",2020-09-25,"United States","Indeed Job Postings Index, Feb 01 2020 = 100",87.8,92.7
"239",2020-09-26,"United States","Indeed Job Postings Index, Feb 01 2020 = 100",88,92.9
"240",2020-09-27,"United States","Indeed Job Postings Index, Feb 01 2020 = 100",88.1,93
"241",2020-09-28,"United States","Indeed Job Postings Index, Feb 01 2020 = 100",88.4,93.2
"242",2020-09-29,"United States","Indeed Job Postings Index, Feb 01 2020 = 100",88.7,93.4
"243",2020-09-30,"United States","Indeed Job Postings Index, Feb 01 2020 = 100",88.9,93.6
"244",2020-10-01,"United States","Indeed Job Postings Index, Feb 01 2020 = 100",89.1,93.6
"245",2020-10-02,"United States","Indeed Job Postings Index, Feb 01 2020 = 100",89.3,93.6
"246",2020-10-03,"United States","Indeed Job Postings Index, Feb 01 2020 = 100",89.5,93.7
"247",2020-10-04,"United States","Indeed Job Postings Index, Feb 01 2020 = 100",89.6,93.8
"248",2020-10-05,"United States","Indeed Job Postings Index, Feb 01 2020 = 100",89.8,93.9
"249",2020-10-06,"United States","Indeed Job Postings Index, Feb 01 2020 = 100",89.8,93.9
"250",2020-10-07,"United States","Indeed Job Postings Index, Feb 01 2020 = 100",89.9,93.9
"251",2020-10-08,"United States","Indeed Job Postings Index, Feb 01 2020 = 100",90.2,94.2
"252",2020-10-09,"United States","Indeed Job Postings Index, Feb 01 2020 = 100",90.4,94.5
"253",2020-10-10,"United States","Indeed Job Postings Index, Feb 01 2020 = 100",90.6,94.7
"254",2020-10-11,"United States","Indeed Job Postings Index, Feb 01 2020 = 100",90.9,95.1
"255",2020-10-12,"United States","Indeed Job Postings Index, Feb 01 2020 = 100",91.2,95.3
"256",2020-10-13,"United States","Indeed Job Postings Index, Feb 01 2020 = 100",91.4,95.6
"257",2020-10-14,"United States","Indeed Job Postings Index, Feb 01 2020 = 100",91.5,95.7
"258",2020-10-15,"United States","Indeed Job Postings Index, Feb 01 2020 = 100",91.6,95.8
"259",2020-10-16,"United States","Indeed Job Postings Index, Feb 01 2020 = 100",91.6,95.9
"260",2020-10-17,"United States","Indeed Job Postings Index, Feb 01 2020 = 100",91.6,95.8
"261",2020-10-18,"United States","Indeed Job Postings Index, Feb 01 2020 = 100",91.5,95.8
"262",2020-10-19,"United States","Indeed Job Postings Index, Feb 01 2020 = 100",91.5,95.8
"263",2020-10-20,"United States","Indeed Job Postings Index, Feb 01 2020 = 100",91.6,95.9
"264",2020-10-21,"United States","Indeed Job Postings Index, Feb 01 2020 = 100",91.7,96.1
"265",2020-10-22,"United States","Indeed Job Postings Index, Feb 01 2020 = 100",91.9,96.2
"266",2020-10-23,"United States","Indeed Job Postings Index, Feb 01 2020 = 100",92,96.4
"267",2020-10-24,"United States","Indeed Job Postings Index, Feb 01 2020 = 100",92.3,96.6
"268",2020-10-25,"United States","Indeed Job Postings Index, Feb 01 2020 = 100",92.4,96.8
"269",2020-10-26,"United States","Indeed Job Postings Index, Feb 01 2020 = 100",92.6,96.9
"270",2020-10-27,"United States","Indeed Job Postings Index, Feb 01 2020 = 100",92.7,97
"271",2020-10-28,"United States","Indeed Job Postings Index, Feb 01 2020 = 100",92.9,97.1
"272",2020-10-29,"United States","Indeed Job Postings Index, Feb 01 2020 = 100",93,97.3
"273",2020-10-30,"United States","Indeed Job Postings Index, Feb 01 2020 = 100",93.1,97.4
"274",2020-10-31,"United States","Indeed Job Postings Index, Feb 01 2020 = 100",93.2,97.4
"275",2020-11-01,"United States","Indeed Job Postings Index, Feb 01 2020 = 100",93.3,97.4
"276",2020-11-02,"United States","Indeed Job Postings Index, Feb 01 2020 = 100",93.4,97.5
"277",2020-11-03,"United States","Indeed Job Postings Index, Feb 01 2020 = 100",93.5,97.4
"278",2020-11-04,"United States","Indeed Job Postings Index, Feb 01 2020 = 100",93.6,97.4
"279",2020-11-05,"United States","Indeed Job Postings Index, Feb 01 2020 = 100",93.6,97.4
"280",2020-11-06,"United States","Indeed Job Postings Index, Feb 01 2020 = 100",93.7,97.4
"281",2020-11-07,"United States","Indeed Job Postings Index, Feb 01 2020 = 100",93.8,97.5
"282",2020-11-08,"United States","Indeed Job Postings Index, Feb 01 2020 = 100",93.9,97.6
"283",2020-11-09,"United States","Indeed Job Postings Index, Feb 01 2020 = 100",94,97.7
"284",2020-11-10,"United States","Indeed Job Postings Index, Feb 01 2020 = 100",94,97.8
"285",2020-11-11,"United States","Indeed Job Postings Index, Feb 01 2020 = 100",94.1,97.9
"286",2020-11-12,"United States","Indeed Job Postings Index, Feb 01 2020 = 100",94.1,97.9
"287",2020-11-13,"United States","Indeed Job Postings Index, Feb 01 2020 = 100",94.2,98
"288",2020-11-14,"United States","Indeed Job Postings Index, Feb 01 2020 = 100",94,97.7
"289",2020-11-15,"United States","Indeed Job Postings Index, Feb 01 2020 = 100",93.9,97.6
"290",2020-11-16,"United States","Indeed Job Postings Index, Feb 01 2020 = 100",93.9,97.5
"291",2020-11-17,"United States","Indeed Job Postings Index, Feb 01 2020 = 100",93.9,97.4
"292",2020-11-18,"United States","Indeed Job Postings Index, Feb 01 2020 = 100",94,97.3
"293",2020-11-19,"United States","Indeed Job Postings Index, Feb 01 2020 = 100",94,97.2
"294",2020-11-20,"United States","Indeed Job Postings Index, Feb 01 2020 = 100",94.1,97.2
"295",2020-11-21,"United States","Indeed Job Postings Index, Feb 01 2020 = 100",94.4,97.3
"296",2020-11-22,"United States","Indeed Job Postings Index, Feb 01 2020 = 100",94.7,97.3
"297",2020-11-23,"United States","Indeed Job Postings Index, Feb 01 2020 = 100",94.9,97.3
"298",2020-11-24,"United States","Indeed Job Postings Index, Feb 01 2020 = 100",95.2,97.4
"299",2020-11-25,"United States","Indeed Job Postings Index, Feb 01 2020 = 100",95.3,97.3
"300",2020-11-26,"United States","Indeed Job Postings Index, Feb 01 2020 = 100",95.5,97.3
"301",2020-11-27,"United States","Indeed Job Postings Index, Feb 01 2020 = 100",95.6,97.1
"302",2020-11-28,"United States","Indeed Job Postings Index, Feb 01 2020 = 100",95.7,97
"303",2020-11-29,"United States","Indeed Job Postings Index, Feb 01 2020 = 100",95.6,96.8
"304",2020-11-30,"United States","Indeed Job Postings Index, Feb 01 2020 = 100",95.7,96.7
"305",2020-12-01,"United States","Indeed Job Postings Index, Feb 01 2020 = 100",95.6,96.4
"306",2020-12-02,"United States","Indeed Job Postings Index, Feb 01 2020 = 100",95.5,96.2
"307",2020-12-03,"United States","Indeed Job Postings Index, Feb 01 2020 = 100",95.5,95.9
"308",2020-12-04,"United States","Indeed Job Postings Index, Feb 01 2020 = 100",95.5,95.8
"309",2020-12-05,"United States","Indeed Job Postings Index, Feb 01 2020 = 100",95.6,95.7
"310",2020-12-06,"United States","Indeed Job Postings Index, Feb 01 2020 = 100",95.6,95.6
"311",2020-12-07,"United States","Indeed Job Postings Index, Feb 01 2020 = 100",95.6,95.5
"312",2020-12-08,"United States","Indeed Job Postings Index, Feb 01 2020 = 100",95.7,95.6
"313",2020-12-09,"United States","Indeed Job Postings Index, Feb 01 2020 = 100",95.7,95.6
"314",2020-12-10,"United States","Indeed Job Postings Index, Feb 01 2020 = 100",95.7,95.5
"315",2020-12-11,"United States","Indeed Job Postings Index, Feb 01 2020 = 100",95.8,95.6
"316",2020-12-12,"United States","Indeed Job Postings Index, Feb 01 2020 = 100",95.7,95.5
"317",2020-12-13,"United States","Indeed Job Postings Index, Feb 01 2020 = 100",95.9,95.6
"318",2020-12-14,"United States","Indeed Job Postings Index, Feb 01 2020 = 100",96,95.6
"319",2020-12-15,"United States","Indeed Job Postings Index, Feb 01 2020 = 100",96.1,95.6
"320",2020-12-16,"United States","Indeed Job Postings Index, Feb 01 2020 = 100",96.3,95.6
"321",2020-12-17,"United States","Indeed Job Postings Index, Feb 01 2020 = 100",96.3,95.5
"322",2020-12-18,"United States","Indeed Job Postings Index, Feb 01 2020 = 100",96.3,95.3
"323",2020-12-19,"United States","Indeed Job Postings Index, Feb 01 2020 = 100",96.4,95.3
"324",2020-12-20,"United States","Indeed Job Postings Index, Feb 01 2020 = 100",96.4,95.1
"325",2020-12-21,"United States","Indeed Job Postings Index, Feb 01 2020 = 100",96.4,94.9
"326",2020-12-22,"United States","Indeed Job Postings Index, Feb 01 2020 = 100",96.4,94.7
"327",2020-12-23,"United States","Indeed Job Postings Index, Feb 01 2020 = 100",96.5,94.5
"328",2020-12-24,"United States","Indeed Job Postings Index, Feb 01 2020 = 100",96.6,94.4
"329",2020-12-25,"United States","Indeed Job Postings Index, Feb 01 2020 = 100",96.6,94.1
"330",2020-12-26,"United States","Indeed Job Postings Index, Feb 01 2020 = 100",96.7,93.9
"331",2020-12-27,"United States","Indeed Job Postings Index, Feb 01 2020 = 100",96.8,93.7
"332",2020-12-28,"United States","Indeed Job Postings Index, Feb 01 2020 = 100",96.9,93.5
"333",2020-12-29,"United States","Indeed Job Postings Index, Feb 01 2020 = 100",96.9,93.3
"334",2020-12-30,"United States","Indeed Job Postings Index, Feb 01 2020 = 100",97,93.2
"335",2020-12-31,"United States","Indeed Job Postings Index, Feb 01 2020 = 100",97.1,93.1
"336",2021-01-01,"United States","Indeed Job Postings Index, Feb 01 2020 = 100",97,92.9
"337",2021-01-02,"United States","Indeed Job Postings Index, Feb 01 2020 = 100",96.7,92.7
"338",2021-01-03,"United States","Indeed Job Postings Index, Feb 01 2020 = 100",96.5,92.4
"339",2021-01-04,"United States","Indeed Job Postings Index, Feb 01 2020 = 100",96.3,92.2
"340",2021-01-05,"United States","Indeed Job Postings Index, Feb 01 2020 = 100",96.1,92.1
"341",2021-01-06,"United States","Indeed Job Postings Index, Feb 01 2020 = 100",96.1,92.1
"342",2021-01-07,"United States","Indeed Job Postings Index, Feb 01 2020 = 100",96.1,92.2
"343",2021-01-08,"United States","Indeed Job Postings Index, Feb 01 2020 = 100",96.5,92.7
"344",2021-01-09,"United States","Indeed Job Postings Index, Feb 01 2020 = 100",97,93.2
"345",2021-01-10,"United States","Indeed Job Postings Index, Feb 01 2020 = 100",97.5,93.9
"346",2021-01-11,"United States","Indeed Job Postings Index, Feb 01 2020 = 100",98,94.5
"347",2021-01-12,"United States","Indeed Job Postings Index, Feb 01 2020 = 100",98.3,95.1
"348",2021-01-13,"United States","Indeed Job Postings Index, Feb 01 2020 = 100",98.5,95.5
"349",2021-01-14,"United States","Indeed Job Postings Index, Feb 01 2020 = 100",98.7,96
"350",2021-01-15,"United States","Indeed Job Postings Index, Feb 01 2020 = 100",98.8,96.3
"351",2021-01-16,"United States","Indeed Job Postings Index, Feb 01 2020 = 100",99,96.7
"352",2021-01-17,"United States","Indeed Job Postings Index, Feb 01 2020 = 100",99.1,96.9
"353",2021-01-18,"United States","Indeed Job Postings Index, Feb 01 2020 = 100",99.2,97.1
"354",2021-01-19,"United States","Indeed Job Postings Index, Feb 01 2020 = 100",99.4,97.3
"355",2021-01-20,"United States","Indeed Job Postings Index, Feb 01 2020 = 100",99.6,97.6
"356",2021-01-21,"United States","Indeed Job Postings Index, Feb 01 2020 = 100",99.7,97.8
"357",2021-01-22,"United States","Indeed Job Postings Index, Feb 01 2020 = 100",99.7,98
"358",2021-01-23,"United States","Indeed Job Postings Index, Feb 01 2020 = 100",99.5,98
"359",2021-01-24,"United States","Indeed Job Postings Index, Feb 01 2020 = 100",99.6,98.2
"360",2021-01-25,"United States","Indeed Job Postings Index, Feb 01 2020 = 100",99.6,98.4
"361",2021-01-26,"United States","Indeed Job Postings Index, Feb 01 2020 = 100",99.7,98.7
"362",2021-01-27,"United States","Indeed Job Postings Index, Feb 01 2020 = 100",99.7,98.9
"363",2021-01-28,"United States","Indeed Job Postings Index, Feb 01 2020 = 100",99.8,99.2
"364",2021-01-29,"United States","Indeed Job Postings Index, Feb 01 2020 = 100",99.9,99.5
"365",2021-01-30,"United States","Indeed Job Postings Index, Feb 01 2020 = 100",100.3,100.1
"366",2021-01-31,"United States","Indeed Job Postings Index, Feb 01 2020 = 100",100.5,100.4
"367",2021-02-01,"United States","Indeed Job Postings Index, Feb 01 2020 = 100",100.7,100.7
"368",2021-02-02,"United States","Indeed Job Postings Index, Feb 01 2020 = 100",101,101.1
"369",2021-02-03,"United States","Indeed Job Postings Index, Feb 01 2020 = 100",101.2,101.3
"370",2021-02-04,"United States","Indeed Job Postings Index, Feb 01 2020 = 100",101.2,101.3
"371",2021-02-05,"United States","Indeed Job Postings Index, Feb 01 2020 = 100",101.5,101.6
"372",2021-02-06,"United States","Indeed Job Postings Index, Feb 01 2020 = 100",101.6,101.8
"373",2021-02-07,"United States","Indeed Job Postings Index, Feb 01 2020 = 100",101.8,102
"374",2021-02-08,"United States","Indeed Job Postings Index, Feb 01 2020 = 100",101.9,102.2
"375",2021-02-09,"United States","Indeed Job Postings Index, Feb 01 2020 = 100",102.1,102.5
"376",2021-02-10,"United States","Indeed Job Postings Index, Feb 01 2020 = 100",102.3,102.8
"377",2021-02-11,"United States","Indeed Job Postings Index, Feb 01 2020 = 100",102.7,103.3
"378",2021-02-12,"United States","Indeed Job Postings Index, Feb 01 2020 = 100",102.9,103.7
"379",2021-02-13,"United States","Indeed Job Postings Index, Feb 01 2020 = 100",103.1,104
"380",2021-02-14,"United States","Indeed Job Postings Index, Feb 01 2020 = 100",103.3,104.3
"381",2021-02-15,"United States","Indeed Job Postings Index, Feb 01 2020 = 100",103.6,104.7
"382",2021-02-16,"United States","Indeed Job Postings Index, Feb 01 2020 = 100",103.7,104.9
"383",2021-02-17,"United States","Indeed Job Postings Index, Feb 01 2020 = 100",103.8,105.1
"384",2021-02-18,"United States","Indeed Job Postings Index, Feb 01 2020 = 100",103.9,105.3
"385",2021-02-19,"United States","Indeed Job Postings Index, Feb 01 2020 = 100",103.9,105.5
"386",2021-02-20,"United States","Indeed Job Postings Index, Feb 01 2020 = 100",103.8,105.5
"387",2021-02-21,"United States","Indeed Job Postings Index, Feb 01 2020 = 100",103.8,105.7
"388",2021-02-22,"United States","Indeed Job Postings Index, Feb 01 2020 = 100",103.9,105.9
"389",2021-02-23,"United States","Indeed Job Postings Index, Feb 01 2020 = 100",103.9,106.1
"390",2021-02-24,"United States","Indeed Job Postings Index, Feb 01 2020 = 100",104.1,106.5
"391",2021-02-25,"United States","Indeed Job Postings Index, Feb 01 2020 = 100",104.2,106.8
"392",2021-02-26,"United States","Indeed Job Postings Index, Feb 01 2020 = 100",104.3,107.1
"393",2021-02-27,"United States","Indeed Job Postings Index, Feb 01 2020 = 100",104.6,107.5
"394",2021-02-28,"United States","Indeed Job Postings Index, Feb 01 2020 = 100",104.8,107.9
"395",2021-03-01,"United States","Indeed Job Postings Index, Feb 01 2020 = 100",104.9,108.1
"396",2021-03-02,"United States","Indeed Job Postings Index, Feb 01 2020 = 100",104.9,108.2
"397",2021-03-03,"United States","Indeed Job Postings Index, Feb 01 2020 = 100",105,108.5
"398",2021-03-04,"United States","Indeed Job Postings Index, Feb 01 2020 = 100",105.2,108.8
"399",2021-03-05,"United States","Indeed Job Postings Index, Feb 01 2020 = 100",105.4,109.2
"400",2021-03-06,"United States","Indeed Job Postings Index, Feb 01 2020 = 100",105.6,109.4
"401",2021-03-07,"United States","Indeed Job Postings Index, Feb 01 2020 = 100",105.8,109.8
"402",2021-03-08,"United States","Indeed Job Postings Index, Feb 01 2020 = 100",106.1,110.3
"403",2021-03-09,"United States","Indeed Job Postings Index, Feb 01 2020 = 100",106.6,110.8
"404",2021-03-10,"United States","Indeed Job Postings Index, Feb 01 2020 = 100",106.9,111.2
"405",2021-03-11,"United States","Indeed Job Postings Index, Feb 01 2020 = 100",107.2,111.6
"406",2021-03-12,"United States","Indeed Job Postings Index, Feb 01 2020 = 100",107.5,112
"407",2021-03-13,"United States","Indeed Job Postings Index, Feb 01 2020 = 100",108,112.6
"408",2021-03-14,"United States","Indeed Job Postings Index, Feb 01 2020 = 100",108.3,113
"409",2021-03-15,"United States","Indeed Job Postings Index, Feb 01 2020 = 100",108.6,113.4
"410",2021-03-16,"United States","Indeed Job Postings Index, Feb 01 2020 = 100",108.9,113.7
"411",2021-03-17,"United States","Indeed Job Postings Index, Feb 01 2020 = 100",109.1,114.1
"412",2021-03-18,"United States","Indeed Job Postings Index, Feb 01 2020 = 100",109.4,114.5
"413",2021-03-19,"United States","Indeed Job Postings Index, Feb 01 2020 = 100",109.8,115
"414",2021-03-20,"United States","Indeed Job Postings Index, Feb 01 2020 = 100",110,115.3
"415",2021-03-21,"United States","Indeed Job Postings Index, Feb 01 2020 = 100",110.4,115.9
"416",2021-03-22,"United States","Indeed Job Postings Index, Feb 01 2020 = 100",110.7,116.3
"417",2021-03-23,"United States","Indeed Job Postings Index, Feb 01 2020 = 100",111.3,117.1
"418",2021-03-24,"United States","Indeed Job Postings Index, Feb 01 2020 = 100",111.7,117.7
"419",2021-03-25,"United States","Indeed Job Postings Index, Feb 01 2020 = 100",112.1,118.3
"420",2021-03-26,"United States","Indeed Job Postings Index, Feb 01 2020 = 100",112.5,118.9
"421",2021-03-27,"United States","Indeed Job Postings Index, Feb 01 2020 = 100",113,119.6
"422",2021-03-28,"United States","Indeed Job Postings Index, Feb 01 2020 = 100",113.4,120.1
"423",2021-03-29,"United States","Indeed Job Postings Index, Feb 01 2020 = 100",113.9,120.7
"424",2021-03-30,"United States","Indeed Job Postings Index, Feb 01 2020 = 100",114.3,121.2
"425",2021-03-31,"United States","Indeed Job Postings Index, Feb 01 2020 = 100",114.8,121.8
"426",2021-04-01,"United States","Indeed Job Postings Index, Feb 01 2020 = 100",115.2,122.2
"427",2021-04-02,"United States","Indeed Job Postings Index, Feb 01 2020 = 100",115.5,122.5
"428",2021-04-03,"United States","Indeed Job Postings Index, Feb 01 2020 = 100",115.8,122.7
"429",2021-04-04,"United States","Indeed Job Postings Index, Feb 01 2020 = 100",116.1,123
"430",2021-04-05,"United States","Indeed Job Postings Index, Feb 01 2020 = 100",116.4,123.4
"431",2021-04-06,"United States","Indeed Job Postings Index, Feb 01 2020 = 100",116.6,123.7
"432",2021-04-07,"United States","Indeed Job Postings Index, Feb 01 2020 = 100",116.6,123.8
"433",2021-04-08,"United States","Indeed Job Postings Index, Feb 01 2020 = 100",116.8,124.1
"434",2021-04-09,"United States","Indeed Job Postings Index, Feb 01 2020 = 100",117.1,124.6
"435",2021-04-10,"United States","Indeed Job Postings Index, Feb 01 2020 = 100",117.2,124.9
"436",2021-04-11,"United States","Indeed Job Postings Index, Feb 01 2020 = 100",117.3,125.2
"437",2021-04-12,"United States","Indeed Job Postings Index, Feb 01 2020 = 100",117.4,125.5
"438",2021-04-13,"United States","Indeed Job Postings Index, Feb 01 2020 = 100",117.5,125.7
"439",2021-04-14,"United States","Indeed Job Postings Index, Feb 01 2020 = 100",117.8,126.1
"440",2021-04-15,"United States","Indeed Job Postings Index, Feb 01 2020 = 100",118.2,126.6
"441",2021-04-16,"United States","Indeed Job Postings Index, Feb 01 2020 = 100",118.5,126.9
"442",2021-04-17,"United States","Indeed Job Postings Index, Feb 01 2020 = 100",118.9,127.3
"443",2021-04-18,"United States","Indeed Job Postings Index, Feb 01 2020 = 100",119.4,127.8
"444",2021-04-19,"United States","Indeed Job Postings Index, Feb 01 2020 = 100",119.8,128.2
"445",2021-04-20,"United States","Indeed Job Postings Index, Feb 01 2020 = 100",120.2,128.6
"446",2021-04-21,"United States","Indeed Job Postings Index, Feb 01 2020 = 100",120.6,129
"447",2021-04-22,"United States","Indeed Job Postings Index, Feb 01 2020 = 100",121,129.4
"448",2021-04-23,"United States","Indeed Job Postings Index, Feb 01 2020 = 100",121.4,129.8
"449",2021-04-24,"United States","Indeed Job Postings Index, Feb 01 2020 = 100",121.8,130.2
"450",2021-04-25,"United States","Indeed Job Postings Index, Feb 01 2020 = 100",122.1,130.6
"451",2021-04-26,"United States","Indeed Job Postings Index, Feb 01 2020 = 100",122.4,131
"452",2021-04-27,"United States","Indeed Job Postings Index, Feb 01 2020 = 100",122.6,131.3
"453",2021-04-28,"United States","Indeed Job Postings Index, Feb 01 2020 = 100",122.8,131.6
"454",2021-04-29,"United States","Indeed Job Postings Index, Feb 01 2020 = 100",123,131.9
"455",2021-04-30,"United States","Indeed Job Postings Index, Feb 01 2020 = 100",123.1,132.1
"456",2021-05-01,"United States","Indeed Job Postings Index, Feb 01 2020 = 100",123.1,132.2
"457",2021-05-02,"United States","Indeed Job Postings Index, Feb 01 2020 = 100",123.1,132.2
"458",2021-05-03,"United States","Indeed Job Postings Index, Feb 01 2020 = 100",123.1,132.3
"459",2021-05-04,"United States","Indeed Job Postings Index, Feb 01 2020 = 100",123.2,132.3
"460",2021-05-05,"United States","Indeed Job Postings Index, Feb 01 2020 = 100",123.2,132.4
"461",2021-05-06,"United States","Indeed Job Postings Index, Feb 01 2020 = 100",123.4,132.6
"462",2021-05-07,"United States","Indeed Job Postings Index, Feb 01 2020 = 100",123.3,132.4
"463",2021-05-08,"United States","Indeed Job Postings Index, Feb 01 2020 = 100",123.5,132.7
"464",2021-05-09,"United States","Indeed Job Postings Index, Feb 01 2020 = 100",123.9,133.2
"465",2021-05-10,"United States","Indeed Job Postings Index, Feb 01 2020 = 100",124.3,133.5
"466",2021-05-11,"United States","Indeed Job Postings Index, Feb 01 2020 = 100",124.6,133.9
"467",2021-05-12,"United States","Indeed Job Postings Index, Feb 01 2020 = 100",124.9,134.4
"468",2021-05-13,"United States","Indeed Job Postings Index, Feb 01 2020 = 100",125.2,134.7
"469",2021-05-14,"United States","Indeed Job Postings Index, Feb 01 2020 = 100",125.8,135.4
"470",2021-05-15,"United States","Indeed Job Postings Index, Feb 01 2020 = 100",125.9,135.5
"471",2021-05-16,"United States","Indeed Job Postings Index, Feb 01 2020 = 100",125.9,135.6
"472",2021-05-17,"United States","Indeed Job Postings Index, Feb 01 2020 = 100",125.9,135.7
"473",2021-05-18,"United States","Indeed Job Postings Index, Feb 01 2020 = 100",125.9,135.7
"474",2021-05-19,"United States","Indeed Job Postings Index, Feb 01 2020 = 100",125.8,135.6
"475",2021-05-20,"United States","Indeed Job Postings Index, Feb 01 2020 = 100",125.8,135.5
"476",2021-05-21,"United States","Indeed Job Postings Index, Feb 01 2020 = 100",125.7,135.5
"477",2021-05-22,"United States","Indeed Job Postings Index, Feb 01 2020 = 100",125.6,135.3
"478",2021-05-23,"United States","Indeed Job Postings Index, Feb 01 2020 = 100",125.7,135.4
"479",2021-05-24,"United States","Indeed Job Postings Index, Feb 01 2020 = 100",125.7,135.5
"480",2021-05-25,"United States","Indeed Job Postings Index, Feb 01 2020 = 100",125.9,135.7
"481",2021-05-26,"United States","Indeed Job Postings Index, Feb 01 2020 = 100",126.1,135.9
"482",2021-05-27,"United States","Indeed Job Postings Index, Feb 01 2020 = 100",126.4,136.2
"483",2021-05-28,"United States","Indeed Job Postings Index, Feb 01 2020 = 100",126.7,136.4
"484",2021-05-29,"United States","Indeed Job Postings Index, Feb 01 2020 = 100",127.2,136.9
"485",2021-05-30,"United States","Indeed Job Postings Index, Feb 01 2020 = 100",127.6,137.1
"486",2021-05-31,"United States","Indeed Job Postings Index, Feb 01 2020 = 100",128,137.4
"487",2021-06-01,"United States","Indeed Job Postings Index, Feb 01 2020 = 100",128.1,137.3
"488",2021-06-02,"United States","Indeed Job Postings Index, Feb 01 2020 = 100",128.2,137.2
"489",2021-06-03,"United States","Indeed Job Postings Index, Feb 01 2020 = 100",128.3,137.1
"490",2021-06-04,"United States","Indeed Job Postings Index, Feb 01 2020 = 100",128.4,137
"491",2021-06-05,"United States","Indeed Job Postings Index, Feb 01 2020 = 100",128.4,136.9
"492",2021-06-06,"United States","Indeed Job Postings Index, Feb 01 2020 = 100",128.5,136.9
"493",2021-06-07,"United States","Indeed Job Postings Index, Feb 01 2020 = 100",128.4,136.8
"494",2021-06-08,"United States","Indeed Job Postings Index, Feb 01 2020 = 100",128.6,137
"495",2021-06-09,"United States","Indeed Job Postings Index, Feb 01 2020 = 100",128.8,137.2
"496",2021-06-10,"United States","Indeed Job Postings Index, Feb 01 2020 = 100",128.9,137.5
"497",2021-06-11,"United States","Indeed Job Postings Index, Feb 01 2020 = 100",129,137.7
"498",2021-06-12,"United States","Indeed Job Postings Index, Feb 01 2020 = 100",129.2,137.9
"499",2021-06-13,"United States","Indeed Job Postings Index, Feb 01 2020 = 100",129.3,138.1
"500",2021-06-14,"United States","Indeed Job Postings Index, Feb 01 2020 = 100",129.5,138.4
"501",2021-06-15,"United States","Indeed Job Postings Index, Feb 01 2020 = 100",129.8,138.7
"502",2021-06-16,"United States","Indeed Job Postings Index, Feb 01 2020 = 100",130,138.8
"503",2021-06-17,"United States","Indeed Job Postings Index, Feb 01 2020 = 100",130.1,139
"504",2021-06-18,"United States","Indeed Job Postings Index, Feb 01 2020 = 100",130.2,139
"505",2021-06-19,"United States","Indeed Job Postings Index, Feb 01 2020 = 100",130.4,139.2
"506",2021-06-20,"United States","Indeed Job Postings Index, Feb 01 2020 = 100",130.5,139.3
"507",2021-06-21,"United States","Indeed Job Postings Index, Feb 01 2020 = 100",130.7,139.5
"508",2021-06-22,"United States","Indeed Job Postings Index, Feb 01 2020 = 100",130.8,139.5
"509",2021-06-23,"United States","Indeed Job Postings Index, Feb 01 2020 = 100",131.1,139.7
"510",2021-06-24,"United States","Indeed Job Postings Index, Feb 01 2020 = 100",131.4,139.9
"511",2021-06-25,"United States","Indeed Job Postings Index, Feb 01 2020 = 100",131.6,140
"512",2021-06-26,"United States","Indeed Job Postings Index, Feb 01 2020 = 100",132,140.3
"513",2021-06-27,"United States","Indeed Job Postings Index, Feb 01 2020 = 100",132.3,140.5
"514",2021-06-28,"United States","Indeed Job Postings Index, Feb 01 2020 = 100",132.7,140.7
"515",2021-06-29,"United States","Indeed Job Postings Index, Feb 01 2020 = 100",133.1,141
"516",2021-06-30,"United States","Indeed Job Postings Index, Feb 01 2020 = 100",133.4,141.1
"517",2021-07-01,"United States","Indeed Job Postings Index, Feb 01 2020 = 100",133.7,141.3
"518",2021-07-02,"United States","Indeed Job Postings Index, Feb 01 2020 = 100",134,141.4
"519",2021-07-03,"United States","Indeed Job Postings Index, Feb 01 2020 = 100",134.2,141.4
"520",2021-07-04,"United States","Indeed Job Postings Index, Feb 01 2020 = 100",134.5,141.5
"521",2021-07-05,"United States","Indeed Job Postings Index, Feb 01 2020 = 100",134.6,141.4
"522",2021-07-06,"United States","Indeed Job Postings Index, Feb 01 2020 = 100",134.8,141.3
"523",2021-07-07,"United States","Indeed Job Postings Index, Feb 01 2020 = 100",135,141.3
"524",2021-07-08,"United States","Indeed Job Postings Index, Feb 01 2020 = 100",135.3,141.3
"525",2021-07-09,"United States","Indeed Job Postings Index, Feb 01 2020 = 100",135.6,141.4
"526",2021-07-10,"United States","Indeed Job Postings Index, Feb 01 2020 = 100",135.6,141.4
"527",2021-07-11,"United States","Indeed Job Postings Index, Feb 01 2020 = 100",135.6,141.4
"528",2021-07-12,"United States","Indeed Job Postings Index, Feb 01 2020 = 100",135.6,141.3
"529",2021-07-13,"United States","Indeed Job Postings Index, Feb 01 2020 = 100",135.7,141.4
"530",2021-07-14,"United States","Indeed Job Postings Index, Feb 01 2020 = 100",135.9,141.6
"531",2021-07-15,"United States","Indeed Job Postings Index, Feb 01 2020 = 100",136,141.7
"532",2021-07-16,"United States","Indeed Job Postings Index, Feb 01 2020 = 100",136.1,141.8
"533",2021-07-17,"United States","Indeed Job Postings Index, Feb 01 2020 = 100",136.3,142.1
"534",2021-07-18,"United States","Indeed Job Postings Index, Feb 01 2020 = 100",136.7,142.5
"535",2021-07-19,"United States","Indeed Job Postings Index, Feb 01 2020 = 100",137.1,143
"536",2021-07-20,"United States","Indeed Job Postings Index, Feb 01 2020 = 100",137.3,143.3
"537",2021-07-21,"United States","Indeed Job Postings Index, Feb 01 2020 = 100",137.3,143.4
"538",2021-07-22,"United States","Indeed Job Postings Index, Feb 01 2020 = 100",137.1,143.2
"539",2021-07-23,"United States","Indeed Job Postings Index, Feb 01 2020 = 100",136.9,143.1
"540",2021-07-24,"United States","Indeed Job Postings Index, Feb 01 2020 = 100",136.6,142.8
"541",2021-07-25,"United States","Indeed Job Postings Index, Feb 01 2020 = 100",136.1,142.4
"542",2021-07-26,"United States","Indeed Job Postings Index, Feb 01 2020 = 100",135.5,141.9
"543",2021-07-27,"United States","Indeed Job Postings Index, Feb 01 2020 = 100",135.1,141.5
"544",2021-07-28,"United States","Indeed Job Postings Index, Feb 01 2020 = 100",134.9,141.4
"545",2021-07-29,"United States","Indeed Job Postings Index, Feb 01 2020 = 100",134.9,141.4
"546",2021-07-30,"United States","Indeed Job Postings Index, Feb 01 2020 = 100",134.8,141.3
"547",2021-07-31,"United States","Indeed Job Postings Index, Feb 01 2020 = 100",134.9,141.5
"548",2021-08-01,"United States","Indeed Job Postings Index, Feb 01 2020 = 100",135,141.6
"549",2021-08-02,"United States","Indeed Job Postings Index, Feb 01 2020 = 100",135.1,141.7
"550",2021-08-03,"United States","Indeed Job Postings Index, Feb 01 2020 = 100",135.1,141.7
"551",2021-08-04,"United States","Indeed Job Postings Index, Feb 01 2020 = 100",135.1,141.8
"552",2021-08-05,"United States","Indeed Job Postings Index, Feb 01 2020 = 100",135.2,141.9
"553",2021-08-06,"United States","Indeed Job Postings Index, Feb 01 2020 = 100",135.5,142.3
"554",2021-08-07,"United States","Indeed Job Postings Index, Feb 01 2020 = 100",135.3,142.3
"555",2021-08-08,"United States","Indeed Job Postings Index, Feb 01 2020 = 100",135.4,142.5
"556",2021-08-09,"United States","Indeed Job Postings Index, Feb 01 2020 = 100",135.6,142.8
"557",2021-08-10,"United States","Indeed Job Postings Index, Feb 01 2020 = 100",135.7,143.1
"558",2021-08-11,"United States","Indeed Job Postings Index, Feb 01 2020 = 100",135.8,143.4
"559",2021-08-12,"United States","Indeed Job Postings Index, Feb 01 2020 = 100",135.9,143.7
"560",2021-08-13,"United States","Indeed Job Postings Index, Feb 01 2020 = 100",136.1,143.9
"561",2021-08-14,"United States","Indeed Job Postings Index, Feb 01 2020 = 100",136.3,144.4
"562",2021-08-15,"United States","Indeed Job Postings Index, Feb 01 2020 = 100",136.5,144.6
"563",2021-08-16,"United States","Indeed Job Postings Index, Feb 01 2020 = 100",136.6,144.9
"564",2021-08-17,"United States","Indeed Job Postings Index, Feb 01 2020 = 100",136.8,145.1
"565",2021-08-18,"United States","Indeed Job Postings Index, Feb 01 2020 = 100",136.9,145.3
"566",2021-08-19,"United States","Indeed Job Postings Index, Feb 01 2020 = 100",137.1,145.6
"567",2021-08-20,"United States","Indeed Job Postings Index, Feb 01 2020 = 100",137.2,145.8
"568",2021-08-21,"United States","Indeed Job Postings Index, Feb 01 2020 = 100",137.4,146.1
"569",2021-08-22,"United States","Indeed Job Postings Index, Feb 01 2020 = 100",137.7,146.5
"570",2021-08-23,"United States","Indeed Job Postings Index, Feb 01 2020 = 100",138,146.8
"571",2021-08-24,"United States","Indeed Job Postings Index, Feb 01 2020 = 100",138.2,147.1
"572",2021-08-25,"United States","Indeed Job Postings Index, Feb 01 2020 = 100",138.5,147.4
"573",2021-08-26,"United States","Indeed Job Postings Index, Feb 01 2020 = 100",138.7,147.7
"574",2021-08-27,"United States","Indeed Job Postings Index, Feb 01 2020 = 100",138.9,147.8
"575",2021-08-28,"United States","Indeed Job Postings Index, Feb 01 2020 = 100",139.1,147.9
"576",2021-08-29,"United States","Indeed Job Postings Index, Feb 01 2020 = 100",139.3,148
"577",2021-08-30,"United States","Indeed Job Postings Index, Feb 01 2020 = 100",139.6,148.2
"578",2021-08-31,"United States","Indeed Job Postings Index, Feb 01 2020 = 100",139.8,148.3
"579",2021-09-01,"United States","Indeed Job Postings Index, Feb 01 2020 = 100",139.9,148.3
"580",2021-09-02,"United States","Indeed Job Postings Index, Feb 01 2020 = 100",139.9,148.2
"581",2021-09-03,"United States","Indeed Job Postings Index, Feb 01 2020 = 100",140,148.2
"582",2021-09-04,"United States","Indeed Job Postings Index, Feb 01 2020 = 100",140.1,148.1
"583",2021-09-05,"United States","Indeed Job Postings Index, Feb 01 2020 = 100",140.2,148.1
"584",2021-09-06,"United States","Indeed Job Postings Index, Feb 01 2020 = 100",140.4,148.2
"585",2021-09-07,"United States","Indeed Job Postings Index, Feb 01 2020 = 100",140.4,148
"586",2021-09-08,"United States","Indeed Job Postings Index, Feb 01 2020 = 100",140.6,148.2
"587",2021-09-09,"United States","Indeed Job Postings Index, Feb 01 2020 = 100",140.9,148.3
"588",2021-09-10,"United States","Indeed Job Postings Index, Feb 01 2020 = 100",140.9,148.3
"589",2021-09-11,"United States","Indeed Job Postings Index, Feb 01 2020 = 100",141,148.4
"590",2021-09-12,"United States","Indeed Job Postings Index, Feb 01 2020 = 100",140.9,148.2
"591",2021-09-13,"United States","Indeed Job Postings Index, Feb 01 2020 = 100",140.8,148.1
"592",2021-09-14,"United States","Indeed Job Postings Index, Feb 01 2020 = 100",141.2,148.5
"593",2021-09-15,"United States","Indeed Job Postings Index, Feb 01 2020 = 100",141.4,148.7
"594",2021-09-16,"United States","Indeed Job Postings Index, Feb 01 2020 = 100",141.5,148.9
"595",2021-09-17,"United States","Indeed Job Postings Index, Feb 01 2020 = 100",141.8,149.2
"596",2021-09-18,"United States","Indeed Job Postings Index, Feb 01 2020 = 100",142.1,149.5
"597",2021-09-19,"United States","Indeed Job Postings Index, Feb 01 2020 = 100",142.4,149.9
"598",2021-09-20,"United States","Indeed Job Postings Index, Feb 01 2020 = 100",142.7,150.2
"599",2021-09-21,"United States","Indeed Job Postings Index, Feb 01 2020 = 100",142.6,150.2
"600",2021-09-22,"United States","Indeed Job Postings Index, Feb 01 2020 = 100",142.7,150.4
"601",2021-09-23,"United States","Indeed Job Postings Index, Feb 01 2020 = 100",142.7,150.6
"602",2021-09-24,"United States","Indeed Job Postings Index, Feb 01 2020 = 100",142.9,150.7
"603",2021-09-25,"United States","Indeed Job Postings Index, Feb 01 2020 = 100",142.9,150.9
"604",2021-09-26,"United States","Indeed Job Postings Index, Feb 01 2020 = 100",143,151
"605",2021-09-27,"United States","Indeed Job Postings Index, Feb 01 2020 = 100",143.1,151.1
"606",2021-09-28,"United States","Indeed Job Postings Index, Feb 01 2020 = 100",143.4,151.3
"607",2021-09-29,"United States","Indeed Job Postings Index, Feb 01 2020 = 100",143.6,151.3
"608",2021-09-30,"United States","Indeed Job Postings Index, Feb 01 2020 = 100",143.9,151.4
"609",2021-10-01,"United States","Indeed Job Postings Index, Feb 01 2020 = 100",144.2,151.5
"610",2021-10-02,"United States","Indeed Job Postings Index, Feb 01 2020 = 100",144.6,151.7
"611",2021-10-03,"United States","Indeed Job Postings Index, Feb 01 2020 = 100",144.9,151.8
"612",2021-10-04,"United States","Indeed Job Postings Index, Feb 01 2020 = 100",145.1,151.9
"613",2021-10-05,"United States","Indeed Job Postings Index, Feb 01 2020 = 100",145.3,151.9
"614",2021-10-06,"United States","Indeed Job Postings Index, Feb 01 2020 = 100",145.4,151.9
"615",2021-10-07,"United States","Indeed Job Postings Index, Feb 01 2020 = 100",145.5,152
"616",2021-10-08,"United States","Indeed Job Postings Index, Feb 01 2020 = 100",145.7,152.2
"617",2021-10-09,"United States","Indeed Job Postings Index, Feb 01 2020 = 100",145.9,152.5
"618",2021-10-10,"United States","Indeed Job Postings Index, Feb 01 2020 = 100",146.1,152.7
"619",2021-10-11,"United States","Indeed Job Postings Index, Feb 01 2020 = 100",146.3,153
"620",2021-10-12,"United States","Indeed Job Postings Index, Feb 01 2020 = 100",146.4,153.1
"621",2021-10-13,"United States","Indeed Job Postings Index, Feb 01 2020 = 100",146.4,153.2
"622",2021-10-14,"United States","Indeed Job Postings Index, Feb 01 2020 = 100",146.6,153.4
"623",2021-10-15,"United States","Indeed Job Postings Index, Feb 01 2020 = 100",146.7,153.5
"624",2021-10-16,"United States","Indeed Job Postings Index, Feb 01 2020 = 100",146.6,153.3
"625",2021-10-17,"United States","Indeed Job Postings Index, Feb 01 2020 = 100",146.7,153.5
"626",2021-10-18,"United States","Indeed Job Postings Index, Feb 01 2020 = 100",146.8,153.6
"627",2021-10-19,"United States","Indeed Job Postings Index, Feb 01 2020 = 100",147,153.9
"628",2021-10-20,"United States","Indeed Job Postings Index, Feb 01 2020 = 100",147.2,154.1
"629",2021-10-21,"United States","Indeed Job Postings Index, Feb 01 2020 = 100",147.4,154.3
"630",2021-10-22,"United States","Indeed Job Postings Index, Feb 01 2020 = 100",147.6,154.6
"631",2021-10-23,"United States","Indeed Job Postings Index, Feb 01 2020 = 100",148.1,155
"632",2021-10-24,"United States","Indeed Job Postings Index, Feb 01 2020 = 100",148.3,155.2
"633",2021-10-25,"United States","Indeed Job Postings Index, Feb 01 2020 = 100",148.5,155.5
"634",2021-10-26,"United States","Indeed Job Postings Index, Feb 01 2020 = 100",148.8,155.7
"635",2021-10-27,"United States","Indeed Job Postings Index, Feb 01 2020 = 100",149,156
"636",2021-10-28,"United States","Indeed Job Postings Index, Feb 01 2020 = 100",149.3,156.1
"637",2021-10-29,"United States","Indeed Job Postings Index, Feb 01 2020 = 100",149.5,156.3
"638",2021-10-30,"United States","Indeed Job Postings Index, Feb 01 2020 = 100",149.7,156.5
"639",2021-10-31,"United States","Indeed Job Postings Index, Feb 01 2020 = 100",149.9,156.6
"640",2021-11-01,"United States","Indeed Job Postings Index, Feb 01 2020 = 100",150.2,156.8
"641",2021-11-02,"United States","Indeed Job Postings Index, Feb 01 2020 = 100",150.5,157
"642",2021-11-03,"United States","Indeed Job Postings Index, Feb 01 2020 = 100",150.8,157.1
"643",2021-11-04,"United States","Indeed Job Postings Index, Feb 01 2020 = 100",151,157.2
"644",2021-11-05,"United States","Indeed Job Postings Index, Feb 01 2020 = 100",151.3,157.4
"645",2021-11-06,"United States","Indeed Job Postings Index, Feb 01 2020 = 100",151.3,157.3
"646",2021-11-07,"United States","Indeed Job Postings Index, Feb 01 2020 = 100",151.5,157.5
"647",2021-11-08,"United States","Indeed Job Postings Index, Feb 01 2020 = 100",151.7,157.6
"648",2021-11-09,"United States","Indeed Job Postings Index, Feb 01 2020 = 100",151.7,157.7
"649",2021-11-10,"United States","Indeed Job Postings Index, Feb 01 2020 = 100",151.8,157.8
"650",2021-11-11,"United States","Indeed Job Postings Index, Feb 01 2020 = 100",152.1,158.2
"651",2021-11-12,"United States","Indeed Job Postings Index, Feb 01 2020 = 100",152.2,158.4
"652",2021-11-13,"United States","Indeed Job Postings Index, Feb 01 2020 = 100",152.5,158.6
"653",2021-11-14,"United States","Indeed Job Postings Index, Feb 01 2020 = 100",152.7,158.8
"654",2021-11-15,"United States","Indeed Job Postings Index, Feb 01 2020 = 100",152.9,158.9
"655",2021-11-16,"United States","Indeed Job Postings Index, Feb 01 2020 = 100",153.2,159.1
"656",2021-11-17,"United States","Indeed Job Postings Index, Feb 01 2020 = 100",153.6,159.4
"657",2021-11-18,"United States","Indeed Job Postings Index, Feb 01 2020 = 100",153.9,159.4
"658",2021-11-19,"United States","Indeed Job Postings Index, Feb 01 2020 = 100",154.3,159.6
"659",2021-11-20,"United States","Indeed Job Postings Index, Feb 01 2020 = 100",154.6,159.6
"660",2021-11-21,"United States","Indeed Job Postings Index, Feb 01 2020 = 100",155.1,159.8
"661",2021-11-22,"United States","Indeed Job Postings Index, Feb 01 2020 = 100",155.7,160.1
"662",2021-11-23,"United States","Indeed Job Postings Index, Feb 01 2020 = 100",156.1,160.1
"663",2021-11-24,"United States","Indeed Job Postings Index, Feb 01 2020 = 100",156.5,160.1
"664",2021-11-25,"United States","Indeed Job Postings Index, Feb 01 2020 = 100",156.8,160
"665",2021-11-26,"United States","Indeed Job Postings Index, Feb 01 2020 = 100",157,159.9
"666",2021-11-27,"United States","Indeed Job Postings Index, Feb 01 2020 = 100",157.3,159.9
"667",2021-11-28,"United States","Indeed Job Postings Index, Feb 01 2020 = 100",157.4,159.6
"668",2021-11-29,"United States","Indeed Job Postings Index, Feb 01 2020 = 100",157.4,159.3
"669",2021-11-30,"United States","Indeed Job Postings Index, Feb 01 2020 = 100",157.5,159.2
"670",2021-12-01,"United States","Indeed Job Postings Index, Feb 01 2020 = 100",157.6,158.9
"671",2021-12-02,"United States","Indeed Job Postings Index, Feb 01 2020 = 100",157.8,158.8
"672",2021-12-03,"United States","Indeed Job Postings Index, Feb 01 2020 = 100",158,158.7
"673",2021-12-04,"United States","Indeed Job Postings Index, Feb 01 2020 = 100",158.4,158.9
"674",2021-12-05,"United States","Indeed Job Postings Index, Feb 01 2020 = 100",158.9,159.1
"675",2021-12-06,"United States","Indeed Job Postings Index, Feb 01 2020 = 100",159.4,159.4
"676",2021-12-07,"United States","Indeed Job Postings Index, Feb 01 2020 = 100",159.7,159.6
"677",2021-12-08,"United States","Indeed Job Postings Index, Feb 01 2020 = 100",160.1,159.9
"678",2021-12-09,"United States","Indeed Job Postings Index, Feb 01 2020 = 100",160.4,160.1
"679",2021-12-10,"United States","Indeed Job Postings Index, Feb 01 2020 = 100",160.7,160.4
"680",2021-12-11,"United States","Indeed Job Postings Index, Feb 01 2020 = 100",160.6,160.2
"681",2021-12-12,"United States","Indeed Job Postings Index, Feb 01 2020 = 100",160.8,160.3
"682",2021-12-13,"United States","Indeed Job Postings Index, Feb 01 2020 = 100",160.9,160.4
"683",2021-12-14,"United States","Indeed Job Postings Index, Feb 01 2020 = 100",161.2,160.5
"684",2021-12-15,"United States","Indeed Job Postings Index, Feb 01 2020 = 100",161.4,160.5
"685",2021-12-16,"United States","Indeed Job Postings Index, Feb 01 2020 = 100",161.5,160.3
"686",2021-12-17,"United States","Indeed Job Postings Index, Feb 01 2020 = 100",161.8,160.4
"687",2021-12-18,"United States","Indeed Job Postings Index, Feb 01 2020 = 100",162.3,160.6
"688",2021-12-19,"United States","Indeed Job Postings Index, Feb 01 2020 = 100",162.5,160.5
"689",2021-12-20,"United States","Indeed Job Postings Index, Feb 01 2020 = 100",162.7,160.5
"690",2021-12-21,"United States","Indeed Job Postings Index, Feb 01 2020 = 100",162.7,160.2
"691",2021-12-22,"United States","Indeed Job Postings Index, Feb 01 2020 = 100",162.7,159.8
"692",2021-12-23,"United States","Indeed Job Postings Index, Feb 01 2020 = 100",162.8,159.6
"693",2021-12-24,"United States","Indeed Job Postings Index, Feb 01 2020 = 100",162.8,159.1
"694",2021-12-25,"United States","Indeed Job Postings Index, Feb 01 2020 = 100",162.9,158.7
"695",2021-12-26,"United States","Indeed Job Postings Index, Feb 01 2020 = 100",162.9,158.2
"696",2021-12-27,"United States","Indeed Job Postings Index, Feb 01 2020 = 100",163.1,157.8
"697",2021-12-28,"United States","Indeed Job Postings Index, Feb 01 2020 = 100",163.4,157.7
"698",2021-12-29,"United States","Indeed Job Postings Index, Feb 01 2020 = 100",163.7,157.6
"699",2021-12-30,"United States","Indeed Job Postings Index, Feb 01 2020 = 100",163.9,157.5
"700",2021-12-31,"United States","Indeed Job Postings Index, Feb 01 2020 = 100",164,157.3
"701",2022-01-01,"United States","Indeed Job Postings Index, Feb 01 2020 = 100",163.9,157.1
"702",2022-01-02,"United States","Indeed Job Postings Index, Feb 01 2020 = 100",163.5,156.7
"703",2022-01-03,"United States","Indeed Job Postings Index, Feb 01 2020 = 100",163,156.2
"704",2022-01-04,"United States","Indeed Job Postings Index, Feb 01 2020 = 100",162.6,155.8
"705",2022-01-05,"United States","Indeed Job Postings Index, Feb 01 2020 = 100",162.3,155.5
"706",2022-01-06,"United States","Indeed Job Postings Index, Feb 01 2020 = 100",162,155.3
"707",2022-01-07,"United States","Indeed Job Postings Index, Feb 01 2020 = 100",161.8,155.2
"708",2022-01-08,"United States","Indeed Job Postings Index, Feb 01 2020 = 100",161.5,155
"709",2022-01-09,"United States","Indeed Job Postings Index, Feb 01 2020 = 100",161.6,155.3
"710",2022-01-10,"United States","Indeed Job Postings Index, Feb 01 2020 = 100",161.7,155.7
"711",2022-01-11,"United States","Indeed Job Postings Index, Feb 01 2020 = 100",161.5,155.9
"712",2022-01-12,"United States","Indeed Job Postings Index, Feb 01 2020 = 100",161.4,156.2
"713",2022-01-13,"United States","Indeed Job Postings Index, Feb 01 2020 = 100",161.2,156.4
"714",2022-01-14,"United States","Indeed Job Postings Index, Feb 01 2020 = 100",160.6,156.2
"715",2022-01-15,"United States","Indeed Job Postings Index, Feb 01 2020 = 100",160.6,156.5
"716",2022-01-16,"United States","Indeed Job Postings Index, Feb 01 2020 = 100",160.5,156.6
"717",2022-01-17,"United States","Indeed Job Postings Index, Feb 01 2020 = 100",160.3,156.7
"718",2022-01-18,"United States","Indeed Job Postings Index, Feb 01 2020 = 100",160.3,156.9
"719",2022-01-19,"United States","Indeed Job Postings Index, Feb 01 2020 = 100",160.2,157
"720",2022-01-20,"United States","Indeed Job Postings Index, Feb 01 2020 = 100",160.2,157.1
"721",2022-01-21,"United States","Indeed Job Postings Index, Feb 01 2020 = 100",160.5,157.5
"722",2022-01-22,"United States","Indeed Job Postings Index, Feb 01 2020 = 100",160.3,157.5
"723",2022-01-23,"United States","Indeed Job Postings Index, Feb 01 2020 = 100",160.1,157.5
"724",2022-01-24,"United States","Indeed Job Postings Index, Feb 01 2020 = 100",159.9,157.7
"725",2022-01-25,"United States","Indeed Job Postings Index, Feb 01 2020 = 100",159.8,157.8
"726",2022-01-26,"United States","Indeed Job Postings Index, Feb 01 2020 = 100",159.7,158.1
"727",2022-01-27,"United States","Indeed Job Postings Index, Feb 01 2020 = 100",159.5,158.3
"728",2022-01-28,"United States","Indeed Job Postings Index, Feb 01 2020 = 100",159.4,158.5
"729",2022-01-29,"United States","Indeed Job Postings Index, Feb 01 2020 = 100",159.6,158.9
"730",2022-01-30,"United States","Indeed Job Postings Index, Feb 01 2020 = 100",159.7,159.3
"731",2022-01-31,"United States","Indeed Job Postings Index, Feb 01 2020 = 100",159.8,159.6
"732",2022-02-01,"United States","Indeed Job Postings Index, Feb 01 2020 = 100",159.9,159.9
"733",2022-02-02,"United States","Indeed Job Postings Index, Feb 01 2020 = 100",159.9,160.1
"734",2022-02-03,"United States","Indeed Job Postings Index, Feb 01 2020 = 100",160.1,160.3
"735",2022-02-04,"United States","Indeed Job Postings Index, Feb 01 2020 = 100",160.4,160.6
"736",2022-02-05,"United States","Indeed Job Postings Index, Feb 01 2020 = 100",160.5,160.8
"737",2022-02-06,"United States","Indeed Job Postings Index, Feb 01 2020 = 100",160.5,160.8
"738",2022-02-07,"United States","Indeed Job Postings Index, Feb 01 2020 = 100",160.6,161
"739",2022-02-08,"United States","Indeed Job Postings Index, Feb 01 2020 = 100",160.6,161.1
"740",2022-02-09,"United States","Indeed Job Postings Index, Feb 01 2020 = 100",160.7,161.3
"741",2022-02-10,"United States","Indeed Job Postings Index, Feb 01 2020 = 100",160.7,161.5
"742",2022-02-11,"United States","Indeed Job Postings Index, Feb 01 2020 = 100",160.7,161.7
"743",2022-02-12,"United States","Indeed Job Postings Index, Feb 01 2020 = 100",160.7,161.9
"744",2022-02-13,"United States","Indeed Job Postings Index, Feb 01 2020 = 100",160.6,162
"745",2022-02-14,"United States","Indeed Job Postings Index, Feb 01 2020 = 100",160.6,162.1
"746",2022-02-15,"United States","Indeed Job Postings Index, Feb 01 2020 = 100",160.5,162.3
"747",2022-02-16,"United States","Indeed Job Postings Index, Feb 01 2020 = 100",160.5,162.4
"748",2022-02-17,"United States","Indeed Job Postings Index, Feb 01 2020 = 100",160.4,162.4
"749",2022-02-18,"United States","Indeed Job Postings Index, Feb 01 2020 = 100",160.4,162.6
"750",2022-02-19,"United States","Indeed Job Postings Index, Feb 01 2020 = 100",160.1,162.5
"751",2022-02-20,"United States","Indeed Job Postings Index, Feb 01 2020 = 100",160.1,162.7
"752",2022-02-21,"United States","Indeed Job Postings Index, Feb 01 2020 = 100",160.2,163
"753",2022-02-22,"United States","Indeed Job Postings Index, Feb 01 2020 = 100",160,163.1
"754",2022-02-23,"United States","Indeed Job Postings Index, Feb 01 2020 = 100",159.8,163.3
"755",2022-02-24,"United States","Indeed Job Postings Index, Feb 01 2020 = 100",159.8,163.5
"756",2022-02-25,"United States","Indeed Job Postings Index, Feb 01 2020 = 100",159.7,163.7
"757",2022-02-26,"United States","Indeed Job Postings Index, Feb 01 2020 = 100",159.9,164.1
"758",2022-02-27,"United States","Indeed Job Postings Index, Feb 01 2020 = 100",159.8,164.2
"759",2022-02-28,"United States","Indeed Job Postings Index, Feb 01 2020 = 100",159.6,164.3
"760",2022-03-01,"United States","Indeed Job Postings Index, Feb 01 2020 = 100",159.6,164.5
"761",2022-03-02,"United States","Indeed Job Postings Index, Feb 01 2020 = 100",159.4,164.5
"762",2022-03-03,"United States","Indeed Job Postings Index, Feb 01 2020 = 100",159.2,164.5
"763",2022-03-04,"United States","Indeed Job Postings Index, Feb 01 2020 = 100",159,164.4
"764",2022-03-05,"United States","Indeed Job Postings Index, Feb 01 2020 = 100",158.7,164.3
"765",2022-03-06,"United States","Indeed Job Postings Index, Feb 01 2020 = 100",158.6,164.4
"766",2022-03-07,"United States","Indeed Job Postings Index, Feb 01 2020 = 100",158.5,164.4
"767",2022-03-08,"United States","Indeed Job Postings Index, Feb 01 2020 = 100",158.5,164.6
"768",2022-03-09,"United States","Indeed Job Postings Index, Feb 01 2020 = 100",158.6,164.9
"769",2022-03-10,"United States","Indeed Job Postings Index, Feb 01 2020 = 100",158.6,165
"770",2022-03-11,"United States","Indeed Job Postings Index, Feb 01 2020 = 100",158.7,165.2
"771",2022-03-12,"United States","Indeed Job Postings Index, Feb 01 2020 = 100",158.8,165.4
"772",2022-03-13,"United States","Indeed Job Postings Index, Feb 01 2020 = 100",158.8,165.6
"773",2022-03-14,"United States","Indeed Job Postings Index, Feb 01 2020 = 100",158.8,165.7
"774",2022-03-15,"United States","Indeed Job Postings Index, Feb 01 2020 = 100",158.7,165.7
"775",2022-03-16,"United States","Indeed Job Postings Index, Feb 01 2020 = 100",158.6,165.7
"776",2022-03-17,"United States","Indeed Job Postings Index, Feb 01 2020 = 100",158.7,165.9
"777",2022-03-18,"United States","Indeed Job Postings Index, Feb 01 2020 = 100",158.6,165.9
"778",2022-03-19,"United States","Indeed Job Postings Index, Feb 01 2020 = 100",158.5,165.9
"779",2022-03-20,"United States","Indeed Job Postings Index, Feb 01 2020 = 100",158.3,166
"780",2022-03-21,"United States","Indeed Job Postings Index, Feb 01 2020 = 100",158.2,166
"781",2022-03-22,"United States","Indeed Job Postings Index, Feb 01 2020 = 100",158.1,166.1
"782",2022-03-23,"United States","Indeed Job Postings Index, Feb 01 2020 = 100",158,166.2
"783",2022-03-24,"United States","Indeed Job Postings Index, Feb 01 2020 = 100",157.8,166.3
"784",2022-03-25,"United States","Indeed Job Postings Index, Feb 01 2020 = 100",157.8,166.5
"785",2022-03-26,"United States","Indeed Job Postings Index, Feb 01 2020 = 100",157.8,166.8
"786",2022-03-27,"United States","Indeed Job Postings Index, Feb 01 2020 = 100",157.9,167.1
"787",2022-03-28,"United States","Indeed Job Postings Index, Feb 01 2020 = 100",157.9,167.3
"788",2022-03-29,"United States","Indeed Job Postings Index, Feb 01 2020 = 100",157.9,167.5
"789",2022-03-30,"United States","Indeed Job Postings Index, Feb 01 2020 = 100",158.2,167.8
"790",2022-03-31,"United States","Indeed Job Postings Index, Feb 01 2020 = 100",158.3,167.9
"791",2022-04-01,"United States","Indeed Job Postings Index, Feb 01 2020 = 100",158.1,167.8
"792",2022-04-02,"United States","Indeed Job Postings Index, Feb 01 2020 = 100",158,167.6
"793",2022-04-03,"United States","Indeed Job Postings Index, Feb 01 2020 = 100",157.9,167.4
"794",2022-04-04,"United States","Indeed Job Postings Index, Feb 01 2020 = 100",157.7,167.2
"795",2022-04-05,"United States","Indeed Job Postings Index, Feb 01 2020 = 100",157.5,167
"796",2022-04-06,"United States","Indeed Job Postings Index, Feb 01 2020 = 100",157.1,166.7
"797",2022-04-07,"United States","Indeed Job Postings Index, Feb 01 2020 = 100",156.8,166.4
"798",2022-04-08,"United States","Indeed Job Postings Index, Feb 01 2020 = 100",156.5,166.4
"799",2022-04-09,"United States","Indeed Job Postings Index, Feb 01 2020 = 100",156,166.1
"800",2022-04-10,"United States","Indeed Job Postings Index, Feb 01 2020 = 100",155.3,165.6
"801",2022-04-11,"United States","Indeed Job Postings Index, Feb 01 2020 = 100",154.7,165.2
"802",2022-04-12,"United States","Indeed Job Postings Index, Feb 01 2020 = 100",154.2,164.8
"803",2022-04-13,"United States","Indeed Job Postings Index, Feb 01 2020 = 100",153.8,164.5
"804",2022-04-14,"United States","Indeed Job Postings Index, Feb 01 2020 = 100",153.5,164.3
"805",2022-04-15,"United States","Indeed Job Postings Index, Feb 01 2020 = 100",153.2,164.1
"806",2022-04-16,"United States","Indeed Job Postings Index, Feb 01 2020 = 100",153.4,164.3
"807",2022-04-17,"United States","Indeed Job Postings Index, Feb 01 2020 = 100",153.7,164.5
"808",2022-04-18,"United States","Indeed Job Postings Index, Feb 01 2020 = 100",154,164.8
"809",2022-04-19,"United States","Indeed Job Postings Index, Feb 01 2020 = 100",154.3,165.1
"810",2022-04-20,"United States","Indeed Job Postings Index, Feb 01 2020 = 100",154.6,165.3
"811",2022-04-21,"United States","Indeed Job Postings Index, Feb 01 2020 = 100",154.9,165.6
"812",2022-04-22,"United States","Indeed Job Postings Index, Feb 01 2020 = 100",155.3,166.1
"813",2022-04-23,"United States","Indeed Job Postings Index, Feb 01 2020 = 100",155.8,166.6
"814",2022-04-24,"United States","Indeed Job Postings Index, Feb 01 2020 = 100",156,166.8
"815",2022-04-25,"United States","Indeed Job Postings Index, Feb 01 2020 = 100",156.2,167
"816",2022-04-26,"United States","Indeed Job Postings Index, Feb 01 2020 = 100",156.4,167.3
"817",2022-04-27,"United States","Indeed Job Postings Index, Feb 01 2020 = 100",156.1,167.1
"818",2022-04-28,"United States","Indeed Job Postings Index, Feb 01 2020 = 100",156,167.2
"819",2022-04-29,"United States","Indeed Job Postings Index, Feb 01 2020 = 100",155.8,167
"820",2022-04-30,"United States","Indeed Job Postings Index, Feb 01 2020 = 100",155.4,166.8
"821",2022-05-01,"United States","Indeed Job Postings Index, Feb 01 2020 = 100",155.7,167.2
"822",2022-05-02,"United States","Indeed Job Postings Index, Feb 01 2020 = 100",155.6,167.1
"823",2022-05-03,"United States","Indeed Job Postings Index, Feb 01 2020 = 100",155.4,167
"824",2022-05-04,"United States","Indeed Job Postings Index, Feb 01 2020 = 100",155.7,167.3
"825",2022-05-05,"United States","Indeed Job Postings Index, Feb 01 2020 = 100",155.7,167.2
"826",2022-05-06,"United States","Indeed Job Postings Index, Feb 01 2020 = 100",155.6,167.2
"827",2022-05-07,"United States","Indeed Job Postings Index, Feb 01 2020 = 100",155.6,167.2
"828",2022-05-08,"United States","Indeed Job Postings Index, Feb 01 2020 = 100",155.2,166.8
"829",2022-05-09,"United States","Indeed Job Postings Index, Feb 01 2020 = 100",155.4,166.9
"830",2022-05-10,"United States","Indeed Job Postings Index, Feb 01 2020 = 100",155.5,167.1
"831",2022-05-11,"United States","Indeed Job Postings Index, Feb 01 2020 = 100",155.5,167.2
"832",2022-05-12,"United States","Indeed Job Postings Index, Feb 01 2020 = 100",155.6,167.3
"833",2022-05-13,"United States","Indeed Job Postings Index, Feb 01 2020 = 100",155.5,167.3
"834",2022-05-14,"United States","Indeed Job Postings Index, Feb 01 2020 = 100",155.6,167.5
"835",2022-05-15,"United States","Indeed Job Postings Index, Feb 01 2020 = 100",155.6,167.6
"836",2022-05-16,"United States","Indeed Job Postings Index, Feb 01 2020 = 100",155.6,167.6
"837",2022-05-17,"United States","Indeed Job Postings Index, Feb 01 2020 = 100",155.6,167.6
"838",2022-05-18,"United States","Indeed Job Postings Index, Feb 01 2020 = 100",155.6,167.7
"839",2022-05-19,"United States","Indeed Job Postings Index, Feb 01 2020 = 100",155.6,167.7
"840",2022-05-20,"United States","Indeed Job Postings Index, Feb 01 2020 = 100",155.7,167.8
"841",2022-05-21,"United States","Indeed Job Postings Index, Feb 01 2020 = 100",155.6,167.6
"842",2022-05-22,"United States","Indeed Job Postings Index, Feb 01 2020 = 100",155.7,167.7
"843",2022-05-23,"United States","Indeed Job Postings Index, Feb 01 2020 = 100",155.7,167.7
"844",2022-05-24,"United States","Indeed Job Postings Index, Feb 01 2020 = 100",155.8,167.9
"845",2022-05-25,"United States","Indeed Job Postings Index, Feb 01 2020 = 100",155.8,167.9
"846",2022-05-26,"United States","Indeed Job Postings Index, Feb 01 2020 = 100",155.7,167.8
"847",2022-05-27,"United States","Indeed Job Postings Index, Feb 01 2020 = 100",155.7,167.8
"848",2022-05-28,"United States","Indeed Job Postings Index, Feb 01 2020 = 100",155.9,167.9
"849",2022-05-29,"United States","Indeed Job Postings Index, Feb 01 2020 = 100",155.9,167.8
"850",2022-05-30,"United States","Indeed Job Postings Index, Feb 01 2020 = 100",155.9,167.6
"851",2022-05-31,"United States","Indeed Job Postings Index, Feb 01 2020 = 100",155.8,167.3
"852",2022-06-01,"United States","Indeed Job Postings Index, Feb 01 2020 = 100",155.8,166.9
"853",2022-06-02,"United States","Indeed Job Postings Index, Feb 01 2020 = 100",155.8,166.7
"854",2022-06-03,"United States","Indeed Job Postings Index, Feb 01 2020 = 100",155.6,166.2
"855",2022-06-04,"United States","Indeed Job Postings Index, Feb 01 2020 = 100",155.5,165.9
"856",2022-06-05,"United States","Indeed Job Postings Index, Feb 01 2020 = 100",155.3,165.6
"857",2022-06-06,"United States","Indeed Job Postings Index, Feb 01 2020 = 100",155.1,165.2
"858",2022-06-07,"United States","Indeed Job Postings Index, Feb 01 2020 = 100",155,165.1
"859",2022-06-08,"United States","Indeed Job Postings Index, Feb 01 2020 = 100",154.9,165
"860",2022-06-09,"United States","Indeed Job Postings Index, Feb 01 2020 = 100",154.8,164.9
"861",2022-06-10,"United States","Indeed Job Postings Index, Feb 01 2020 = 100",154.6,164.8
"862",2022-06-11,"United States","Indeed Job Postings Index, Feb 01 2020 = 100",154.5,164.8
"863",2022-06-12,"United States","Indeed Job Postings Index, Feb 01 2020 = 100",154.3,164.7
"864",2022-06-13,"United States","Indeed Job Postings Index, Feb 01 2020 = 100",154.3,164.7
"865",2022-06-14,"United States","Indeed Job Postings Index, Feb 01 2020 = 100",154.2,164.7
"866",2022-06-15,"United States","Indeed Job Postings Index, Feb 01 2020 = 100",154.1,164.6
"867",2022-06-16,"United States","Indeed Job Postings Index, Feb 01 2020 = 100",154,164.5
"868",2022-06-17,"United States","Indeed Job Postings Index, Feb 01 2020 = 100",154,164.5
"869",2022-06-18,"United States","Indeed Job Postings Index, Feb 01 2020 = 100",153.9,164.4
"870",2022-06-19,"United States","Indeed Job Postings Index, Feb 01 2020 = 100",154,164.4
"871",2022-06-20,"United States","Indeed Job Postings Index, Feb 01 2020 = 100",154,164.4
"872",2022-06-21,"United States","Indeed Job Postings Index, Feb 01 2020 = 100",153.9,164.2
"873",2022-06-22,"United States","Indeed Job Postings Index, Feb 01 2020 = 100",154,164.2
"874",2022-06-23,"United States","Indeed Job Postings Index, Feb 01 2020 = 100",154.1,164.2
"875",2022-06-24,"United States","Indeed Job Postings Index, Feb 01 2020 = 100",154.1,164.1
"876",2022-06-25,"United States","Indeed Job Postings Index, Feb 01 2020 = 100",154,163.8
"877",2022-06-26,"United States","Indeed Job Postings Index, Feb 01 2020 = 100",153.9,163.6
"878",2022-06-27,"United States","Indeed Job Postings Index, Feb 01 2020 = 100",153.7,163.3
"879",2022-06-28,"United States","Indeed Job Postings Index, Feb 01 2020 = 100",153.7,163.2
"880",2022-06-29,"United States","Indeed Job Postings Index, Feb 01 2020 = 100",153.7,163.1
"881",2022-06-30,"United States","Indeed Job Postings Index, Feb 01 2020 = 100",153.7,162.9
"882",2022-07-01,"United States","Indeed Job Postings Index, Feb 01 2020 = 100",153.7,162.7
"883",2022-07-02,"United States","Indeed Job Postings Index, Feb 01 2020 = 100",153.9,162.7
"884",2022-07-03,"United States","Indeed Job Postings Index, Feb 01 2020 = 100",154.1,162.6
"885",2022-07-04,"United States","Indeed Job Postings Index, Feb 01 2020 = 100",154.2,162.4
"886",2022-07-05,"United States","Indeed Job Postings Index, Feb 01 2020 = 100",154.3,162.1
"887",2022-07-06,"United States","Indeed Job Postings Index, Feb 01 2020 = 100",154.2,161.7
"888",2022-07-07,"United States","Indeed Job Postings Index, Feb 01 2020 = 100",154.2,161.3
"889",2022-07-08,"United States","Indeed Job Postings Index, Feb 01 2020 = 100",154.2,161.1
"890",2022-07-09,"United States","Indeed Job Postings Index, Feb 01 2020 = 100",154.1,160.8
"891",2022-07-10,"United States","Indeed Job Postings Index, Feb 01 2020 = 100",154,160.6
"892",2022-07-11,"United States","Indeed Job Postings Index, Feb 01 2020 = 100",154.1,160.6
"893",2022-07-12,"United States","Indeed Job Postings Index, Feb 01 2020 = 100",154,160.5
"894",2022-07-13,"United States","Indeed Job Postings Index, Feb 01 2020 = 100",154,160.5
"895",2022-07-14,"United States","Indeed Job Postings Index, Feb 01 2020 = 100",154,160.5
"896",2022-07-15,"United States","Indeed Job Postings Index, Feb 01 2020 = 100",154,160.5
"897",2022-07-16,"United States","Indeed Job Postings Index, Feb 01 2020 = 100",154,160.5
"898",2022-07-17,"United States","Indeed Job Postings Index, Feb 01 2020 = 100",154,160.5
"899",2022-07-18,"United States","Indeed Job Postings Index, Feb 01 2020 = 100",153.9,160.4
"900",2022-07-19,"United States","Indeed Job Postings Index, Feb 01 2020 = 100",153.8,160.4
"901",2022-07-20,"United States","Indeed Job Postings Index, Feb 01 2020 = 100",153.7,160.4
"902",2022-07-21,"United States","Indeed Job Postings Index, Feb 01 2020 = 100",153.5,160.3
"903",2022-07-22,"United States","Indeed Job Postings Index, Feb 01 2020 = 100",153.4,160.3
"904",2022-07-23,"United States","Indeed Job Postings Index, Feb 01 2020 = 100",153.2,160.1
"905",2022-07-24,"United States","Indeed Job Postings Index, Feb 01 2020 = 100",153.1,160.1
"906",2022-07-25,"United States","Indeed Job Postings Index, Feb 01 2020 = 100",153,160.1
"907",2022-07-26,"United States","Indeed Job Postings Index, Feb 01 2020 = 100",152.8,160
"908",2022-07-27,"United States","Indeed Job Postings Index, Feb 01 2020 = 100",152.8,160.1
"909",2022-07-28,"United States","Indeed Job Postings Index, Feb 01 2020 = 100",152.9,160.2
"910",2022-07-29,"United States","Indeed Job Postings Index, Feb 01 2020 = 100",152.8,160.2
"911",2022-07-30,"United States","Indeed Job Postings Index, Feb 01 2020 = 100",152.9,160.4
"912",2022-07-31,"United States","Indeed Job Postings Index, Feb 01 2020 = 100",152.9,160.3
"913",2022-08-01,"United States","Indeed Job Postings Index, Feb 01 2020 = 100",152.9,160.3
"914",2022-08-02,"United States","Indeed Job Postings Index, Feb 01 2020 = 100",152.7,160.2
"915",2022-08-03,"United States","Indeed Job Postings Index, Feb 01 2020 = 100",152.6,160.1
"916",2022-08-04,"United States","Indeed Job Postings Index, Feb 01 2020 = 100",152.5,160
"917",2022-08-05,"United States","Indeed Job Postings Index, Feb 01 2020 = 100",152.4,160.1
"918",2022-08-06,"United States","Indeed Job Postings Index, Feb 01 2020 = 100",152.4,160.1
"919",2022-08-07,"United States","Indeed Job Postings Index, Feb 01 2020 = 100",152.3,160.1
"920",2022-08-08,"United States","Indeed Job Postings Index, Feb 01 2020 = 100",152.2,160.1
"921",2022-08-09,"United States","Indeed Job Postings Index, Feb 01 2020 = 100",152.1,160.2
"922",2022-08-10,"United States","Indeed Job Postings Index, Feb 01 2020 = 100",151.9,160.2
"923",2022-08-11,"United States","Indeed Job Postings Index, Feb 01 2020 = 100",151.8,160.3
"924",2022-08-12,"United States","Indeed Job Postings Index, Feb 01 2020 = 100",151.6,160.2
"925",2022-08-13,"United States","Indeed Job Postings Index, Feb 01 2020 = 100",151.2,160
"926",2022-08-14,"United States","Indeed Job Postings Index, Feb 01 2020 = 100",151.1,160
"927",2022-08-15,"United States","Indeed Job Postings Index, Feb 01 2020 = 100",150.9,159.9
"928",2022-08-16,"United States","Indeed Job Postings Index, Feb 01 2020 = 100",150.8,159.8
"929",2022-08-17,"United States","Indeed Job Postings Index, Feb 01 2020 = 100",150.6,159.8
"930",2022-08-18,"United States","Indeed Job Postings Index, Feb 01 2020 = 100",150.4,159.7
"931",2022-08-19,"United States","Indeed Job Postings Index, Feb 01 2020 = 100",150.3,159.6
"932",2022-08-20,"United States","Indeed Job Postings Index, Feb 01 2020 = 100",150.2,159.6
"933",2022-08-21,"United States","Indeed Job Postings Index, Feb 01 2020 = 100",150,159.5
"934",2022-08-22,"United States","Indeed Job Postings Index, Feb 01 2020 = 100",149.9,159.5
"935",2022-08-23,"United States","Indeed Job Postings Index, Feb 01 2020 = 100",149.7,159.4
"936",2022-08-24,"United States","Indeed Job Postings Index, Feb 01 2020 = 100",149.7,159.4
"937",2022-08-25,"United States","Indeed Job Postings Index, Feb 01 2020 = 100",149.8,159.4
"938",2022-08-26,"United States","Indeed Job Postings Index, Feb 01 2020 = 100",149.8,159.5
"939",2022-08-27,"United States","Indeed Job Postings Index, Feb 01 2020 = 100",150,159.5
"940",2022-08-28,"United States","Indeed Job Postings Index, Feb 01 2020 = 100",150,159.5
"941",2022-08-29,"United States","Indeed Job Postings Index, Feb 01 2020 = 100",150,159.4
"942",2022-08-30,"United States","Indeed Job Postings Index, Feb 01 2020 = 100",150.1,159.4
"943",2022-08-31,"United States","Indeed Job Postings Index, Feb 01 2020 = 100",150.2,159.3
"944",2022-09-01,"United States","Indeed Job Postings Index, Feb 01 2020 = 100",150.1,159.2
"945",2022-09-02,"United States","Indeed Job Postings Index, Feb 01 2020 = 100",150,158.9
"946",2022-09-03,"United States","Indeed Job Postings Index, Feb 01 2020 = 100",149.9,158.7
"947",2022-09-04,"United States","Indeed Job Postings Index, Feb 01 2020 = 100",149.9,158.5
"948",2022-09-05,"United States","Indeed Job Postings Index, Feb 01 2020 = 100",150,158.4
"949",2022-09-06,"United States","Indeed Job Postings Index, Feb 01 2020 = 100",149.9,158.2
"950",2022-09-07,"United States","Indeed Job Postings Index, Feb 01 2020 = 100",149.7,157.9
"951",2022-09-08,"United States","Indeed Job Postings Index, Feb 01 2020 = 100",149.7,157.7
"952",2022-09-09,"United States","Indeed Job Postings Index, Feb 01 2020 = 100",149.7,157.6
"953",2022-09-10,"United States","Indeed Job Postings Index, Feb 01 2020 = 100",149.7,157.6
"954",2022-09-11,"United States","Indeed Job Postings Index, Feb 01 2020 = 100",149.6,157.4
"955",2022-09-12,"United States","Indeed Job Postings Index, Feb 01 2020 = 100",149.5,157.3
"956",2022-09-13,"United States","Indeed Job Postings Index, Feb 01 2020 = 100",149.6,157.3
"957",2022-09-14,"United States","Indeed Job Postings Index, Feb 01 2020 = 100",149.6,157.3
"958",2022-09-15,"United States","Indeed Job Postings Index, Feb 01 2020 = 100",149.6,157.3
"959",2022-09-16,"United States","Indeed Job Postings Index, Feb 01 2020 = 100",149.6,157.3
"960",2022-09-17,"United States","Indeed Job Postings Index, Feb 01 2020 = 100",149.4,157.2
"961",2022-09-18,"United States","Indeed Job Postings Index, Feb 01 2020 = 100",149.4,157.2
"962",2022-09-19,"United States","Indeed Job Postings Index, Feb 01 2020 = 100",149.3,157.1
"963",2022-09-20,"United States","Indeed Job Postings Index, Feb 01 2020 = 100",149,156.8
"964",2022-09-21,"United States","Indeed Job Postings Index, Feb 01 2020 = 100",148.8,156.7
"965",2022-09-22,"United States","Indeed Job Postings Index, Feb 01 2020 = 100",148.5,156.6
"966",2022-09-23,"United States","Indeed Job Postings Index, Feb 01 2020 = 100",148.4,156.5
"967",2022-09-24,"United States","Indeed Job Postings Index, Feb 01 2020 = 100",148.4,156.6
"968",2022-09-25,"United States","Indeed Job Postings Index, Feb 01 2020 = 100",148.4,156.6
"969",2022-09-26,"United States","Indeed Job Postings Index, Feb 01 2020 = 100",148.5,156.7
"970",2022-09-27,"United States","Indeed Job Postings Index, Feb 01 2020 = 100",148.7,156.9
"971",2022-09-28,"United States","Indeed Job Postings Index, Feb 01 2020 = 100",148.9,157
"972",2022-09-29,"United States","Indeed Job Postings Index, Feb 01 2020 = 100",149,157
"973",2022-09-30,"United States","Indeed Job Postings Index, Feb 01 2020 = 100",149,156.8
"974",2022-10-01,"United States","Indeed Job Postings Index, Feb 01 2020 = 100",149,156.6
"975",2022-10-02,"United States","Indeed Job Postings Index, Feb 01 2020 = 100",149.1,156.4
"976",2022-10-03,"United States","Indeed Job Postings Index, Feb 01 2020 = 100",149.1,156.1
"977",2022-10-04,"United States","Indeed Job Postings Index, Feb 01 2020 = 100",148.9,155.8
"978",2022-10-05,"United States","Indeed Job Postings Index, Feb 01 2020 = 100",148.9,155.6
"979",2022-10-06,"United States","Indeed Job Postings Index, Feb 01 2020 = 100",148.9,155.5
"980",2022-10-07,"United States","Indeed Job Postings Index, Feb 01 2020 = 100",148.8,155.4
"981",2022-10-08,"United States","Indeed Job Postings Index, Feb 01 2020 = 100",148.8,155.5
"982",2022-10-09,"United States","Indeed Job Postings Index, Feb 01 2020 = 100",148.8,155.5
"983",2022-10-10,"United States","Indeed Job Postings Index, Feb 01 2020 = 100",148.8,155.5
"984",2022-10-11,"United States","Indeed Job Postings Index, Feb 01 2020 = 100",148.9,155.7
"985",2022-10-12,"United States","Indeed Job Postings Index, Feb 01 2020 = 100",148.9,155.7
"986",2022-10-13,"United States","Indeed Job Postings Index, Feb 01 2020 = 100",149,155.8
"987",2022-10-14,"United States","Indeed Job Postings Index, Feb 01 2020 = 100",149.1,156
"988",2022-10-15,"United States","Indeed Job Postings Index, Feb 01 2020 = 100",149,155.9
"989",2022-10-16,"United States","Indeed Job Postings Index, Feb 01 2020 = 100",149.1,156
"990",2022-10-17,"United States","Indeed Job Postings Index, Feb 01 2020 = 100",149.1,156
"991",2022-10-18,"United States","Indeed Job Postings Index, Feb 01 2020 = 100",149.1,156
"992",2022-10-19,"United States","Indeed Job Postings Index, Feb 01 2020 = 100",149,156
"993",2022-10-20,"United States","Indeed Job Postings Index, Feb 01 2020 = 100",148.9,155.9
"994",2022-10-21,"United States","Indeed Job Postings Index, Feb 01 2020 = 100",148.8,155.8
"995",2022-10-22,"United States","Indeed Job Postings Index, Feb 01 2020 = 100",148.5,155.5
"996",2022-10-23,"United States","Indeed Job Postings Index, Feb 01 2020 = 100",148.4,155.4
"997",2022-10-24,"United States","Indeed Job Postings Index, Feb 01 2020 = 100",148.3,155.3
"998",2022-10-25,"United States","Indeed Job Postings Index, Feb 01 2020 = 100",148.2,155.2
"999",2022-10-26,"United States","Indeed Job Postings Index, Feb 01 2020 = 100",148.3,155.2
"1000",2022-10-27,"United States","Indeed Job Postings Index, Feb 01 2020 = 100",148.3,155.2
"1001",2022-10-28,"United States","Indeed Job Postings Index, Feb 01 2020 = 100",148.3,155.1
"1002",2022-10-29,"United States","Indeed Job Postings Index, Feb 01 2020 = 100",148.7,155.4
"1003",2022-10-30,"United States","Indeed Job Postings Index, Feb 01 2020 = 100",148.8,155.5
"1004",2022-10-31,"United States","Indeed Job Postings Index, Feb 01 2020 = 100",148.8,155.5
"1005",2022-11-01,"United States","Indeed Job Postings Index, Feb 01 2020 = 100",148.8,155.3
"1006",2022-11-02,"United States","Indeed Job Postings Index, Feb 01 2020 = 100",148.7,155.1
"1007",2022-11-03,"United States","Indeed Job Postings Index, Feb 01 2020 = 100",148.7,154.9
"1008",2022-11-04,"United States","Indeed Job Postings Index, Feb 01 2020 = 100",148.8,154.9
"1009",2022-11-05,"United States","Indeed Job Postings Index, Feb 01 2020 = 100",148.7,154.7
"1010",2022-11-06,"United States","Indeed Job Postings Index, Feb 01 2020 = 100",148.7,154.6
"1011",2022-11-07,"United States","Indeed Job Postings Index, Feb 01 2020 = 100",148.6,154.5
"1012",2022-11-08,"United States","Indeed Job Postings Index, Feb 01 2020 = 100",148.7,154.6
"1013",2022-11-09,"United States","Indeed Job Postings Index, Feb 01 2020 = 100",148.8,154.7
"1014",2022-11-10,"United States","Indeed Job Postings Index, Feb 01 2020 = 100",148.8,154.7
"1015",2022-11-11,"United States","Indeed Job Postings Index, Feb 01 2020 = 100",148.7,154.7
"1016",2022-11-12,"United States","Indeed Job Postings Index, Feb 01 2020 = 100",148.7,154.7
"1017",2022-11-13,"United States","Indeed Job Postings Index, Feb 01 2020 = 100",148.7,154.6
"1018",2022-11-14,"United States","Indeed Job Postings Index, Feb 01 2020 = 100",148.6,154.6
"1019",2022-11-15,"United States","Indeed Job Postings Index, Feb 01 2020 = 100",148.5,154.4
"1020",2022-11-16,"United States","Indeed Job Postings Index, Feb 01 2020 = 100",148.5,154.3
"1021",2022-11-17,"United States","Indeed Job Postings Index, Feb 01 2020 = 100",148.6,154.2
"1022",2022-11-18,"United States","Indeed Job Postings Index, Feb 01 2020 = 100",148.7,154
"1023",2022-11-19,"United States","Indeed Job Postings Index, Feb 01 2020 = 100",148.6,153.7
"1024",2022-11-20,"United States","Indeed Job Postings Index, Feb 01 2020 = 100",148.7,153.5
"1025",2022-11-21,"United States","Indeed Job Postings Index, Feb 01 2020 = 100",148.8,153.3
"1026",2022-11-22,"United States","Indeed Job Postings Index, Feb 01 2020 = 100",149,153.1
"1027",2022-11-23,"United States","Indeed Job Postings Index, Feb 01 2020 = 100",149.1,152.9
"1028",2022-11-24,"United States","Indeed Job Postings Index, Feb 01 2020 = 100",149.2,152.6
"1029",2022-11-25,"United States","Indeed Job Postings Index, Feb 01 2020 = 100",149.3,152.4
"1030",2022-11-26,"United States","Indeed Job Postings Index, Feb 01 2020 = 100",149.4,152.2
"1031",2022-11-27,"United States","Indeed Job Postings Index, Feb 01 2020 = 100",149.4,151.9
"1032",2022-11-28,"United States","Indeed Job Postings Index, Feb 01 2020 = 100",149.5,151.6
"1033",2022-11-29,"United States","Indeed Job Postings Index, Feb 01 2020 = 100",149.5,151.3
"1034",2022-11-30,"United States","Indeed Job Postings Index, Feb 01 2020 = 100",149.5,151.1
"1035",2022-12-01,"United States","Indeed Job Postings Index, Feb 01 2020 = 100",149.5,150.7
"1036",2022-12-02,"United States","Indeed Job Postings Index, Feb 01 2020 = 100",149.3,150.3
"1037",2022-12-03,"United States","Indeed Job Postings Index, Feb 01 2020 = 100",149.2,149.9
"1038",2022-12-04,"United States","Indeed Job Postings Index, Feb 01 2020 = 100",149,149.5
"1039",2022-12-05,"United States","Indeed Job Postings Index, Feb 01 2020 = 100",148.9,149.1
"1040",2022-12-06,"United States","Indeed Job Postings Index, Feb 01 2020 = 100",148.8,148.8
"1041",2022-12-07,"United States","Indeed Job Postings Index, Feb 01 2020 = 100",148.5,148.4
"1042",2022-12-08,"United States","Indeed Job Postings Index, Feb 01 2020 = 100",148.2,148
"1043",2022-12-09,"United States","Indeed Job Postings Index, Feb 01 2020 = 100",148.2,147.9
"1044",2022-12-10,"United States","Indeed Job Postings Index, Feb 01 2020 = 100",148,147.7
"1045",2022-12-11,"United States","Indeed Job Postings Index, Feb 01 2020 = 100",147.9,147.6
"1046",2022-12-12,"United States","Indeed Job Postings Index, Feb 01 2020 = 100",147.8,147.4
"1047",2022-12-13,"United States","Indeed Job Postings Index, Feb 01 2020 = 100",147.7,147.2
"1048",2022-12-14,"United States","Indeed Job Postings Index, Feb 01 2020 = 100",147.9,147.2
"1049",2022-12-15,"United States","Indeed Job Postings Index, Feb 01 2020 = 100",148,147.2
"1050",2022-12-16,"United States","Indeed Job Postings Index, Feb 01 2020 = 100",148.1,147
"1051",2022-12-17,"United States","Indeed Job Postings Index, Feb 01 2020 = 100",148.2,147
"1052",2022-12-18,"United States","Indeed Job Postings Index, Feb 01 2020 = 100",148.4,146.9
"1053",2022-12-19,"United States","Indeed Job Postings Index, Feb 01 2020 = 100",148.5,146.7
"1054",2022-12-20,"United States","Indeed Job Postings Index, Feb 01 2020 = 100",148.6,146.5
"1055",2022-12-21,"United States","Indeed Job Postings Index, Feb 01 2020 = 100",148.6,146.3
"1056",2022-12-22,"United States","Indeed Job Postings Index, Feb 01 2020 = 100",148.7,146.1
"1057",2022-12-23,"United States","Indeed Job Postings Index, Feb 01 2020 = 100",148.7,145.8
"1058",2022-12-24,"United States","Indeed Job Postings Index, Feb 01 2020 = 100",148.8,145.4
"1059",2022-12-25,"United States","Indeed Job Postings Index, Feb 01 2020 = 100",148.9,145
"1060",2022-12-26,"United States","Indeed Job Postings Index, Feb 01 2020 = 100",149.1,144.7
"1061",2022-12-27,"United States","Indeed Job Postings Index, Feb 01 2020 = 100",149.2,144.4
"1062",2022-12-28,"United States","Indeed Job Postings Index, Feb 01 2020 = 100",149.2,143.9
"1063",2022-12-29,"United States","Indeed Job Postings Index, Feb 01 2020 = 100",149.1,143.5
"1064",2022-12-30,"United States","Indeed Job Postings Index, Feb 01 2020 = 100",149.2,143.3
"1065",2022-12-31,"United States","Indeed Job Postings Index, Feb 01 2020 = 100",149,142.9
"1066",2023-01-01,"United States","Indeed Job Postings Index, Feb 01 2020 = 100",148.6,142.5
"1067",2023-01-02,"United States","Indeed Job Postings Index, Feb 01 2020 = 100",148.2,142
"1068",2023-01-03,"United States","Indeed Job Postings Index, Feb 01 2020 = 100",147.7,141.5
"1069",2023-01-04,"United States","Indeed Job Postings Index, Feb 01 2020 = 100",147.2,140.9
"1070",2023-01-05,"United States","Indeed Job Postings Index, Feb 01 2020 = 100",146.7,140.5
"1071",2023-01-06,"United States","Indeed Job Postings Index, Feb 01 2020 = 100",146.2,140.1
"1072",2023-01-07,"United States","Indeed Job Postings Index, Feb 01 2020 = 100",145.9,139.9
"1073",2023-01-08,"United States","Indeed Job Postings Index, Feb 01 2020 = 100",145.8,139.9
"1074",2023-01-09,"United States","Indeed Job Postings Index, Feb 01 2020 = 100",145.7,140
"1075",2023-01-10,"United States","Indeed Job Postings Index, Feb 01 2020 = 100",145.6,140.2
"1076",2023-01-11,"United States","Indeed Job Postings Index, Feb 01 2020 = 100",145.6,140.5
"1077",2023-01-12,"United States","Indeed Job Postings Index, Feb 01 2020 = 100",145.6,140.9
"1078",2023-01-13,"United States","Indeed Job Postings Index, Feb 01 2020 = 100",145.5,141.1
"1079",2023-01-14,"United States","Indeed Job Postings Index, Feb 01 2020 = 100",145.3,141.2
"1080",2023-01-15,"United States","Indeed Job Postings Index, Feb 01 2020 = 100",145,141.2
"1081",2023-01-16,"United States","Indeed Job Postings Index, Feb 01 2020 = 100",144.8,141.4
"1082",2023-01-17,"United States","Indeed Job Postings Index, Feb 01 2020 = 100",144.6,141.4
"1083",2023-01-18,"United States","Indeed Job Postings Index, Feb 01 2020 = 100",144.4,141.3
"1084",2023-01-19,"United States","Indeed Job Postings Index, Feb 01 2020 = 100",144.3,141.3
"1085",2023-01-20,"United States","Indeed Job Postings Index, Feb 01 2020 = 100",144.1,141.3
