﻿Date,Market Cap,Revenue,Earnings,PE,Absolute PE,PS
"Mon, 30 Jan 2023",US$10.7t,US$2.2t,US$321.9b,24.5x,33.4x,4.8x
"Wed, 28 Dec 2022",US$9.6t,US$2.2t,US$327.5b,21.5x,29.5x,4.3x
"Fri, 25 Nov 2022",US$10.5t,US$2.2t,US$332.6b,22.2x,31.5x,4.7x
"Sun, 23 Oct 2022",US$9.8t,US$2.2t,US$341.2b,19.4x,28.8x,4.5x
"Tue, 20 Sep 2022",US$10.4t,US$2.2t,US$346.7b,20.1x,29.9x,4.7x
"Thu, 18 Aug 2022",US$11.9t,US$2.2t,US$349.3b,23.7x,34.2x,5.5x
"Sat, 16 Jul 2022",US$10.4t,US$2.2t,US$359.5b,22.8x,29x,4.9x
"Mon, 13 Jun 2022",US$10.5t,US$2.1t,US$358.6b,23.7x,29.2x,4.9x
"Wed, 11 May 2022",US$10.9t,US$2.1t,US$357.4b,22.2x,30.6x,5.2x
"Fri, 08 Apr 2022",US$12.7t,US$2.1t,US$345.7b,24.3x,36.7x,6.2x
"Sun, 06 Mar 2022",US$12.3t,US$2.0t,US$346.9b,25.5x,35.4x,6x
"Tue, 01 Feb 2022",US$13.6t,US$2.2t,US$354.9b,27.4x,38.2x,6.3x
"Thu, 30 Dec 2021",US$14.9t,US$2.1t,US$346.8b,29.3x,43.1x,7x
"Sat, 27 Nov 2021",US$14.4t,US$2.1t,US$342.3b,28x,42x,6.7x
"Mon, 25 Oct 2021",US$14.1t,US$2.0t,US$317.4b,32.5x,44.5x,7x
"Wed, 22 Sep 2021",US$13.6t,US$2.0t,US$315.3b,32.9x,43x,6.7x
"Fri, 20 Aug 2021",US$13.5t,US$2.0t,US$310.1b,31.3x,43.5x,6.7x
"Fri, 04 Jun 2021",US$11.9t,US$1.9t,US$284.2b,33.3x,41.9x,6.3x
"Mon, 08 Mar 2021",US$11.6t,US$1.9t,US$262.3b,35.3x,44.4x,6.3x
"Thu, 10 Dec 2020",US$10.8t,US$1.8t,US$240.9b,33.6x,44.9x,6x
"Wed, 02 Sep 2020",US$10.3t,US$1.6t,US$230.8b,31.8x,44.5x,6.2x
"Sat, 06 Jun 2020",US$8.1t,US$1.6t,US$236.7b,27.8x,34.3x,5x
"Tue, 10 Mar 2020",US$7.4t,US$1.6t,US$244.2b,27.5x,30.2x,4.5x